"Date","Sensex","Tata Consultancy Services","Bharti Airtel","Axis Bank","Maruti Suzuki India","HCL Technologies","UltraTech Cement","Power Grid Corporation of India","NTPC","IndusInd Bank","Bajaj Auto","JSW Steel","Wipro","Adani Enterprises"
2021-07-01,52318.6015625,2948.69604492188,495.366729736328,742.105224609375,7270.66357421875,802.226623535156,6526.5859375,100.395401000977,95.2264709472656,971.470825195312,3626.4755859375,620.15869140625,246.365081787109,1486.23571777344
2021-07-02,52484.671875,2935.060546875,497.261566162109,746.180847167969,7255.23193359375,801.6162109375,6539.33154296875,99.1562194824219,95.2670822143555,973.736633300781,3599.31298828125,612.091125488281,246.068145751953,1418.2216796875
2021-07-05,52880,2931.529296875,496.361450195312,755.624267578125,7281.8779296875,798.075561523438,6537.3369140625,100.112800598145,96.3228912353516,983.619140625,3619.921875,619.132995605469,244.926330566406,1390.04858398438
2021-07-06,52861.1796875,2879.28100585938,498.3037109375,754.133239746094,7199.69140625,791.198181152344,6748.0908203125,99.5692901611328,95.5107269287109,993.067687988281,3615.1787109375,619.501281738281,243.236373901367,1410.69226074219
2021-07-07,53054.76171875,2890.71069335938,501.761840820312,758.109375,7141.705078125,793.884033203125,6735.9765625,100.373664855957,95.3077011108398,1007.14416503906,3610.26440429688,635.149841308594,243.030853271484,1421.41296386719
2021-07-08,52568.94140625,2874.64721679688,497.593200683594,749.958251953125,7093.3515625,795.10498046875,6716.078125,100.504119873047,95.3889007568359,1007.72253417969,3636.62670898438,615.266906738281,242.551254272461,1421.6123046875
2021-07-09,52386.19140625,2831.09228515625,507.778106689453,742.602233886719,7116.59326171875,795.064147949219,6711.31103515625,100.091041564941,95.7543792724609,1002.90197753906,3564.0966796875,627.37158203125,240.153366088867,1426.74841308594
2021-07-12,52372.69140625,2818.03002929688,501.809204101562,749.163024902344,7160.681640625,796.854736328125,6902.02001953125,99.6127624511719,95.6731719970703,1011.48278808594,3531.57861328125,639.015991210938,240.199081420898,1417.12463378906
2021-07-13,52769.73046875,2813.57299804688,502.472473144531,766.210754394531,7118.03125,788.837768554688,6934.32373046875,99.3953704833984,97.2974853515625,1017.79791259766,3537.19897460938,645.551574707031,239.742340087891,1413.78381347656
2021-07-14,52904.05078125,2836.4755859375,502.140899658203,765.365905761719,7023.720703125,805.360107421875,6925.32373046875,99.9823608398438,98.028434753418,1014.56811523438,3528.01025390625,644.677062988281,256.504608154297,1397.6279296875
2021-07-15,53158.8515625,2831.744140625,497.924774169922,769.590698242188,7003.40087890625,846.46240234375,6997.32666015625,100.156265258789,97.7441864013672,1017.21948242188,3514.44970703125,643.388366699219,262.967529296875,1404.50915527344
2021-07-16,53140.05859375,2825.68481445312,512.562622070312,766.509033203125,7000.14208984375,817.894226074219,7133.498046875,101.656318664551,96.7289810180664,1007.09600830078,3506.15283203125,647.346618652344,263.835296630859,1390.84655761719
2021-07-19,52553.3984375,2816.6181640625,510.004608154297,750.654052734375,6868.16455078125,814.068969726562,7114.62158203125,101.308494567871,98.5563583374023,979.424987792969,3464.31225585938,642.928100585938,261.985504150391,1376.78503417969
2021-07-20,52198.51171875,2835.10498046875,498.209014892578,741.359741210938,6932.66796875,795.430480957031,7222.8203125,100.5693359375,96.2010726928711,946.885192871094,3482.91284179688,627.647705078125,259.678955078125,1362.27465820312
2021-07-22,52837.2109375,2845.05517578125,517.773559570312,742.055480957031,6992.61865234375,796.48828125,7258.4814453125,101.373718261719,96.8914031982422,956.864013671875,3437.01318359375,659.727478027344,266.758453369141,1411.14099121094
2021-07-23,52975.80078125,2841.07543945312,519.715759277344,750.75341796875,6987.25146484375,809.226196289062,7286.79541015625,101.330230712891,96.2416763305664,953.24853515625,3429.51904296875,660.371765136719,273.655242919922,1399.72241210938
2021-07-26,52852.26953125,2829.84228515625,515.310241699219,751.648071289062,6934.92041015625,813.906127929688,7417.5673828125,101.112831115723,96.9726257324219,946.113891601562,3422.33740234375,648.405212402344,269.750091552734,1399.9716796875
2021-07-27,52578.76171875,2815.42456054688,512.041564941406,727.393371582031,6940.52783203125,812.923583984375,7385.36083984375,100.91716003418,96.4447174072266,940.66650390625,3408.3310546875,653.974182128906,270.161163330078,1392.79113769531
2021-07-28,52443.7109375,2828.20532226562,538.048645019531,718.397216796875,6853.0693359375,804.612609863281,7444.08203125,99.1562194824219,94.8203887939453,956.719482421875,3408.37548828125,664.19189453125,270.298187255859,1396.1318359375
2021-07-29,52653.0703125,2827.40991210938,537.101257324219,712.929931640625,6701.34765625,825.042053222656,7493.21826171875,97.0474243164062,94.8203887939453,956.381958007812,3356.89990234375,688.677368164062,269.909942626953,1397.578125
2021-07-30,52586.83984375,2801.67065429688,532.364074707031,704.778747558594,6688.6962890625,839.657958984375,7443.498046875,99.163459777832,95.9980392456055,945.824645996094,3430.23291015625,678.643859863281,267.923126220703,1417.02490234375
2021-08-02,52950.62890625,2846.24975585938,535.348510742188,716.657592773438,6781.28173828125,847.682250976562,7469.505859375,99.0764846801758,95.6731719970703,952.525451660156,3426.35180664062,687.250549316406,270.320983886719,1433.33044433594
2021-08-03,53823.359375,2904.84765625,549.7021484375,734.103149414062,6897.25341796875,851.039428710938,7673.7060546875,101.13452911377,95.5107269287109,984.82421875,3415.06640625,681.359313964844,273.655242919922,1439.06457519531
2021-08-04,54369.76953125,2895.3837890625,544.017517089844,749.113098144531,6806.82421875,852.18603515625,7578.32763671875,101.540367126465,95.5513381958008,983.329895019531,3418.81323242188,688.125,272.604675292969,1425.55139160156
2021-08-05,54492.83984375,2905.73266601562,567.419067382812,744.689697265625,6777.453125,868.603149414062,7487.05615234375,101.453384399414,94.6173629760742,962.359741210938,3406.76953125,702.531005859375,274.500183105469,1428.69299316406
2021-08-06,54277.71875,2927.84521484375,575.851318359375,737.035583496094,6850.470703125,860.046447753906,7359.7060546875,101.482376098633,95.5513381958008,992.296325683594,3434.15795898438,697.100036621094,273.175598144531,1532.20971679688
2021-08-09,54402.8515625,2938.68041992188,567.750732421875,750.852783203125,6830.60107421875,860.3330078125,7327.39208984375,102.29402923584,94.8203887939453,1005.26416015625,3439.28735351562,687.986999511719,272.513336181641,1489.22766113281
2021-08-10,54554.66015625,2948.27758789062,589.541809082031,756.618286132812,6753.2431640625,871.018737792969,7305.53955078125,100.033050537109,92.7899780273438,996.634948730469,3387.767578125,664.606140136719,275.710540771484,1443.40295410156
2021-08-11,54525.9296875,2954.73413085938,588.12060546875,756.320007324219,6774.8974609375,873.638916015625,7285.69189453125,102.091110229492,94.9828186035156,1003.81781005859,3325.4970703125,689.597839355469,274.477325439453,1433.13098144531
2021-08-12,54843.98046875,2966.58666992188,590.4892578125,752.642150878906,6761.53857421875,898.285400390625,7300.064453125,108.43920135498,96.6883697509766,998.177734375,3360.15600585938,689.091491699219,276.715301513672,1440.06176757812
2021-08-13,55437.2890625,3062.068359375,603.563842773438,755.276245117188,6751.025390625,916.83154296875,7297.7666015625,107.0478515625,96.0792541503906,987.3310546875,3413.86206054688,689.643920898438,281.122894287109,1432.63220214844
2021-08-16,55582.578125,3070.78149414062,600.437255859375,757.413513183594,6586.7607421875,919.533752441406,7184.39794921875,104.757888793945,96.5259323120117,982.124633789062,3344.0087890625,701.104187011719,280.460632324219,1426.79821777344
2021-08-17,55792.26953125,3142.1171875,593.378845214844,752.095458984375,6644.0556640625,934.477111816406,7245.310546875,106.207214355469,95.3077011108398,969.383605957031,3397.17944335938,685.179443359375,289.937927246094,1437.41906738281
2021-08-18,55629.48828125,3147.51245117188,590.015441894531,750.057556152344,6598.8662109375,928.417907714844,7423.552734375,104.583961486816,94.6173629760742,958.628845214844,3419.9287109375,679.426147460938,287.380157470703,1455.419921875
2021-08-20,55329.3203125,3146.58325195312,580.730651855469,735.494750976562,6604.845703125,914.743835449219,7323.92138671875,103.482475280762,92.7087631225586,948.891357421875,3346.328125,630.22509765625,283.109710693359,1423.55700683594
2021-08-23,55555.7890625,3215.92919921875,589.825988769531,731.568237304688,6584.78369140625,952.20458984375,7186.45166015625,101.859214782715,92.0590209960938,957.950622558594,3271.6572265625,629.764953613281,287.129028320312,1392.64147949219
2021-08-24,55958.98046875,3195.009765625,587.268005371094,741.856628417969,6567.08349609375,943.443176269531,7290.43408203125,102.583869934082,92.5869369506836,973.792114257812,3315.19262695312,636.530578613281,289.275634765625,1433.47985839844
2021-08-25,55944.2109375,3236.84716796875,580.256896972656,734.500732421875,6477.76611328125,945.367431640625,7218.76611328125,101.772254943848,92.5463256835938,974.809448242188,3291.14990234375,630.087036132812,288.270812988281,1470.72814941406
2021-08-26,55949.1015625,3247.06298828125,556.002502441406,741.707580566406,6374.79931640625,956.012145996094,7143.96875,100.409858703613,91.531135559082,970.158752441406,3293.603515625,618.672668457031,287.266021728516,1472.12438964844
2021-08-27,56124.71875,3290.4921875,562.729370117188,748.019775390625,6371.6640625,952.040771484375,7398.9130859375,101.076568603516,92.0590209960938,960.033752441406,3299.75903320312,623.505432128906,289.960754394531,1502.49108886719
2021-08-30,56889.76171875,3273.90795898438,587.741638183594,779.083740234375,6556.18505859375,952.286315917969,7530.27197265625,101.772254943848,93.3991012573242,973.74365234375,3313.0068359375,631.329711914062,288.750427246094,1511.96520996094
2021-08-31,57552.390625,3349.22338867188,628.81298828125,781.718078613281,6601.6630859375,967.393859863281,7659.529296875,101.830230712891,94.1706695556641,962.601318359375,3323.8017578125,632.8486328125,292.883941650391,1583.66906738281
2021-09-01,57338.2109375,3285.09692382812,631.181579589844,793.745910644531,6544.8505859375,953.6376953125,7591.28271484375,101.801231384277,93.683349609375,967.542724609375,3352.439453125,623.091247558594,293.249298095703,1560.78173828125
2021-09-02,57852.5390625,3394.68676757812,631.086791992188,798.3681640625,6550.30078125,960.597473144531,7777.29638671875,101.975173950195,94.6579513549805,978.781921386719,3320.18872070312,630.4091796875,297.588317871094,1565.369140625
2021-09-03,58129.94921875,3397.69458007812,623.696838378906,793.19921875,6620.03759765625,961.498107910156,7751.6806640625,101.743270874023,95.0640335083008,972.193420410156,3347.35424804688,635.932250976562,299.1640625,1561.23046875
2021-09-06,58296.91015625,3406.27465820312,620.096557617188,795.883117675781,6604.9423828125,982.337280273438,7772.89697265625,101.018592834473,94.5767440795898,961.244812011719,3371.9765625,631.697998046875,313.711212158203,1577.78527832031
2021-09-07,58279.48046875,3374.16625976562,635.445068359375,783.01025390625,6632.77001953125,968.171752929688,7840.75146484375,100.409858703613,94.1706695556641,970.497863769531,3364.03686523438,629.350646972656,307.933471679688,1553.20239257812
2021-09-08,58250.26171875,3338.21118164062,632.697387695312,789.918884277344,6544.32080078125,973.248291015625,7813.9619140625,102.002746582031,95.130729675293,968.220886230469,3323.13256835938,632.250244140625,302.521087646484,1551.60681152344
2021-09-09,58305.0703125,3353.82275390625,650.224975585938,785.296508789062,6560.7666015625,981.518310546875,7764.97705078125,102.356712341309,95.5899047851562,968.705383300781,3300.6064453125,634.321472167969,302.452606201172,1540.28784179688
2021-09-13,58177.76171875,3399.94970703125,659.0361328125,782.76171875,6629.34619140625,988.805725097656,7757.64404296875,102.59268951416,95.923828125,964.97509765625,3300.16040039062,639.153991699219,306.380554199219,1528.12121582031
2021-09-14,58247.08984375,3436.43603515625,657.614990234375,789.769836425781,6654.42431640625,1013.94360351562,7682.45654296875,102.651702880859,96.7586822509766,1004.26391601562,3345.6142578125,638.279541015625,307.476715087891,1511.76574707031
2021-09-15,58723.19921875,3498.04174804688,687.411926269531,786.78759765625,6663.10546875,1042.970703125,7649.89794921875,104.922996520996,103.687911987305,1021.07434082031,3371.66455078125,642.605895996094,307.864929199219,1513.31140136719
2021-09-16,59141.16015625,3451.78198242188,680.400756835938,797.771789550781,6688.4248046875,1033.84106445312,7598.02880859375,105.837448120117,103.520935058594,1096.06713867188,3400.61401367188,634.597595214844,304.964660644531,1499.10046386719
2021-09-17,59015.890625,3388.05346679688,689.875244140625,802.990600585938,6763.94970703125,1035.19201660156,7537.75146484375,105.453956604004,103.228744506836,1094.90441894531,3411.3642578125,627.831848144531,303.662933349609,1476.1630859375
2021-09-20,58490.9296875,3381.7734375,686.653930664062,790.515258789062,6707.76416015625,1044.28088378906,7406.14794921875,104.303573608398,105.113410949707,1056.58459472656,3366.66870117188,583.9697265625,302.612457275391,1416.97509765625
2021-09-21,59005.26953125,3418.56884765625,688.548828125,790.415954589844,6537.61669921875,1063.64562988281,7427.21875,103.831596374512,106.269927978516,1101.88061523438,3326.166015625,616.003295898438,304.781921386719,1437.21984863281
2021-09-22,58927.328125,3416.40112304688,688.548828125,783.7060546875,6586.51953125,1077.40209960938,7452.83544921875,104.21508026123,106.569770812988,1106.53137207031,3350.11938476562,624.19580078125,304.987457275391,1434.22790527344
2021-09-23,59885.359375,3421.88549804688,688.027709960938,807.513366699219,6601.615234375,1087.35070800781,7446.67578125,105.099998474121,108.026084899902,1132.88537597656,3390.26513671875,623.689453125,308.001922607422,1470.07971191406
2021-09-24,60048.46875,3424.185546875,700.344421386719,793.447692871094,6704.244140625,1111.66967773438,7357.70166015625,103.92008972168,106.526924133301,1126.44213867188,3397.35791015625,606.614074707031,309.052459716797,1457.31481933594
2021-09-27,60077.87890625,3393.802734375,697.703063964844,791.807495117188,7141.7666015625,1060.77990722656,7456.404296875,103.831596374512,108.754264831543,1116.55932617188,3491.34350585938,597.869323730469,298.752960205078,1525.82739257812
2021-09-28,59667.6015625,3342.54565429688,672.0283203125,784.252868652344,7156.33056640625,1039.24499511719,7418.81005859375,108.403732299805,113.037628173828,1097.85961914062,3486.92749023438,608.133056640625,292.153137207031,1482.49584960938
2021-09-29,59413.26953125,3353.69091796875,669.808410644531,776.797485351562,7119.77392578125,1048.90698242188,7300.7001953125,115.099685668945,120.404945373535,1088.70349121094,3477.69409179688,625.852722167969,292.724060058594,1482.04711914062
2021-09-30,59126.359375,3338.56518554688,664.210205078125,762.234619140625,7074.826171875,1047.26940917969,7230.69384765625,112.031959533691,121.518653869629,1077.56127929688,3419.03662109375,615.450927734375,289.732421875,1463.09899902344
2021-10-01,58765.578125,3298.58544921875,649.49072265625,763.924499511719,6905.64306640625,1042.68420410156,7320.64599609375,113.152839660645,119.805328369141,1068.69580078125,3439.24340820312,620.421752929688,290.554565429688,1454.22314453125
2021-10-04,59299.3203125,3335.55786132812,657.405456542969,774.014099121094,6923.96923828125,1047.02368164062,7346.84912109375,113.00537109375,124.688339233398,1084.77954101562,3413.416015625,626.957275390625,292.472839355469,1522.88537597656
2021-10-05,59744.87890625,3390.92749023438,674.924011230469,777.841247558594,6991.68115234375,1068.640625,7295.8115234375,111.972938537598,124.516998291016,1134.62939453125,3446.96020507812,625.208374023438,295.39599609375,1523.53369140625
2021-10-06,59189.73046875,3369.87646484375,667.34716796875,774.212890625,6945.4794921875,1044.56762695312,7203.02392578125,110.704544067383,122.803657531738,1096.30932617188,3364.48315429688,606.798278808594,290.394714355469,1475.41516113281
2021-10-07,59677.828125,3443.02563476562,668.457153320312,772.175109863281,7225.779296875,1069.58227539062,7192.5126953125,111.117500305176,122.289649963379,1130.51159667969,3415.95874023438,613.656127929688,293.637542724609,1515.6552734375
2021-10-08,60059.05859375,3480.79345703125,671.2080078125,777.045959472656,7162.552734375,1082.51965332031,7173.3984375,110.704544067383,120.876136779785,1136.27648925781,3403.24584960938,613.057739257812,302.04150390625,1542.88073730469
2021-10-11,60135.78125,3260.72900390625,666.76806640625,782.413757324219,7425.056640625,1066.30700683594,7171.73681640625,114.126266479492,124.045822143555,1136.47021484375,3436.25439453125,618.948974609375,297.999389648438,1535.650390625
2021-10-12,60284.30859375,3231.89404296875,662.617553710938,792.2548828125,7420.2822265625,1023.27813720703,7090.8779296875,114.037796020508,123.874496459961,1145.57788085938,3549.01953125,620.099609375,301.013885498047,1549.76196289062
2021-10-13,60737.05078125,3233.79541015625,666.140686035156,789.471557617188,7219.0751953125,1036.37927246094,7185.3759765625,117.695472717285,125.373680114746,1146.98278808594,3542.86401367188,627.233520507812,307.179840087891,1564.27233886719
2021-10-14,61305.94921875,3200.34106445312,662.279724121094,797.225158691406,7225.10400390625,1024.26086425781,7238.66259765625,120.645233154297,128.029342651367,1172.27111816406,3537.421875,637.773254394531,323.165710449219,1641.95971679688
2021-10-18,61765.58984375,3232.3330078125,656.778076171875,808.408081054688,7380.92822265625,1000.06475830078,7232.9912109375,120.232292175293,127.986488342285,1182.58984375,3493.9306640625,659.083068847656,324.033508300781,1607.404296875
2021-10-19,61716.05078125,3220.98999023438,657.308898925781,796.578918457031,7381.94140625,1008.66217041016,7015.15185546875,117.105522155762,128.20068359375,1157.30151367188,3489.64868164062,636.392578125,325.038391113281,1565.46899414062
2021-10-20,61259.9609375,3197.28442382812,683.803955078125,800.05810546875,7323.392578125,1009.07171630859,6976.7763671875,114.627716064453,125.287986755371,1163.74475097656,3432.9091796875,630.869445800781,320.585174560547,1585.41442871094
2021-10-21,60923.5,3131.30590820312,672.173217773438,804.133728027344,7303.0400390625,1000.3212890625,6968.220703125,114.391738891602,126.573028564453,1147.56420898438,3392.5849609375,619.915466308594,317.753387451172,1591.49780273438
2021-10-22,60821.62109375,3101.7509765625,670.291015625,812.036376953125,7148.32568359375,985.792053222656,6994.42431640625,114.657241821289,124.131469726562,1158.65795898438,3448.43212890625,614.806701660156,311.610198974609,1538.39294433594
2021-10-25,60967.05078125,3095.060546875,666.719787597656,840.018737792969,7005.8125,962.512573242188,6987.87353515625,113.742820739746,123.231986999512,1140.63659667969,3358.77294921875,620.237670898438,305.101684570312,1530.21545410156
2021-10-26,61350.26171875,3086.68603515625,671.931884765625,837.235412597656,7037.5458984375,963.461730957031,7105.005859375,112.267906188965,122.675163269043,1118.73950195312,3382.9052734375,638.509765625,305.193023681641,1539.83898925781
2021-10-27,61143.328125,3091.91479492188,678.109191894531,782.662292480469,7091.89892578125,971.469177246094,7196.130859375,112.238426208496,120.961814880371,1106.33752441406,3369.96948242188,630.455322265625,306.586090087891,1563.42456054688
2021-10-28,59984.69921875,3034.666015625,664.837585449219,753.288208007812,7112.05810546875,952.358520507812,7273.1279296875,109.760612487793,117.792137145996,1138.89233398438,3301.40942382812,615.497009277344,300.237426757812,1389.15112304688
2021-10-29,59306.9296875,3012.02294921875,662.376281738281,737.631958007812,7218.1591796875,944.681213378906,7462.80810546875,109.170669555664,113.680114746094,1104.59350585938,3309.97387695312,615.727233886719,295.258941650391,1419.61779785156
2021-11-01,60138.4609375,3081.58984375,687.52001953125,747.870666503906,7342.876953125,981.623107910156,7600.18017578125,110.67504119873,115.050788879395,1190.14721679688,3324.24780273438,633.999206542969,299.1640625,1442.05639648438
2021-11-02,60029.05859375,3087.30639648438,688.099182128906,751.399536132812,7515.86962890625,967.011535644531,7537.99609375,109.524627685547,117.063949584961,1174.49938964844,3338.87915039062,619.363220214844,298.182098388672,1468.43420410156
2021-11-03,59771.921875,3095.10546875,674.682739257812,746.230529785156,7461.51708984375,971.262878417969,7715.50439453125,108.462707519531,117.063949584961,1141.7021484375,3298.19775390625,626.12890625,297.953704833984,1482.14685058594
2021-11-04,60067.62109375,3109.72705078125,676.709655761719,748.516845703125,7469.95654296875,976.711242675781,7701.96240234375,109.200164794922,117.535140991211,1151.77880859375,3353.55419921875,624.656066894531,298.410400390625,1493.11657714844
2021-11-08,60545.609375,3104.0107421875,684.334899902344,746.329956054688,7414.10888671875,976.422546386719,8029.69921875,111.55997467041,120.147972106934,1028.43786621094,3373.18139648438,630.91552734375,300.739807128906,1563.07556152344
2021-11-09,60433.44921875,3105.69458007812,688.340515136719,740.564453125,7308.48974609375,969.322875976562,7982.57275390625,110.085083007812,118.60595703125,1035.12341308594,3385.18041992188,622.907104492188,300.602783203125,1631.18933105469
2021-11-10,60352.8203125,3087.837890625,710.106018066406,744.789123535156,7242.466796875,966.309997558594,7925.86328125,108.84619140625,117.749305725098,1000.14617919922,3359.57641601562,609.375671386719,298.159240722656,1650.73571777344
2021-11-11,59919.69140625,3091.16162109375,703.252990722656,734.450988769531,7188.88525390625,958.673950195312,7867.93359375,107.489311218262,117.063949584961,1000.96966552734,3346.64038085938,613.886108398438,292.564208984375,1659.91064453125
2021-11-12,60686.69140625,3123.4189453125,717.441589355469,731.816833496094,7212.51611328125,968.125915527344,7904.255859375,107.371315002441,116.721290588379,1004.50616455078,3244.93774414062,617.568176269531,301.424926757812,1700.30004882812
2021-11-15,60718.7109375,3149.47314453125,711.939880371094,728.884338378906,7235.18408203125,966.763916015625,7867.4931640625,111.088020324707,117.406623840332,1008.52716064453,3216.12182617188,608.915405273438,300.991027832031,1745.02783203125
2021-11-16,60322.37109375,3150.5810546875,704.604248046875,722.025451660156,7764.33935546875,959.994567871094,7707.53515625,110.468551635742,114.965118408203,989.924255371094,3220.49340820312,611.815063476562,302.132843017578,1706.63293457031
2021-11-17,60008.328125,3122.93188476562,694.807312011719,707.910095214844,7979.7724609375,952.152099609375,7685.927734375,112.769378662109,116.892623901367,1001.89013671875,3197.25341796875,610.112060546875,302.110015869141,1700.05065917969
2021-11-18,59636.01171875,3080.1279296875,689.353942871094,702.6416015625,7825.2509765625,924.744995117188,7597.3447265625,113.477310180664,115.864631652832,976.698791503906,3167.81323242188,598.973937988281,297.291473388672,1684.19421386719
2021-11-22,58465.890625,3067.36669921875,716.235107421875,682.114501953125,7585.607421875,916.242126464844,7479.283203125,114.598220825195,111.538429260254,975.390747070312,3072.4892578125,605.04931640625,294.048614501953,1670.98059082031
2021-11-23,58664.328125,3069.53784179688,733.078002929688,681.7666015625,7572.05419921875,919.048950195312,7486.6162109375,119.081855773926,114.365455627441,950.102416992188,3064.46020507812,628.292114257812,293.523345947266,1702.79345703125
2021-11-24,58340.98828125,3051.68115234375,732.354125976562,681.070861816406,7392.88818359375,924.373474121094,7412.21044921875,119.819305419922,115.993125915527,941.237060546875,3046.17163085938,628.79833984375,290.760101318359,1749.86474609375
2021-11-25,58795.08984375,3053.40942382812,738.338500976562,675.951416015625,7301.6416015625,928.666015625,7440.66259765625,120.468246459961,115.821792602539,929.271179199219,3024.6708984375,626.405029296875,290.737213134766,1758.39135742188
2021-11-26,57107.1484375,3053.54223632812,711.795166015625,657.859741210938,6916.7353515625,914.46728515625,7226.0986328125,119.081855773926,110.210594177246,873.414184570312,2974.310546875,578.630676269531,283.612091064453,1664.99694824219
2021-11-29,57260.578125,3102.32739257812,713.966796875,646.974975585938,6893.3935546875,935.063720703125,7228.20068359375,117.960952758789,108.325927734375,867.74609375,2943.88916015625,576.19140625,287.928314208984,1663.80004882812
2021-11-30,57064.87109375,3130.06518554688,703.397827148438,653.138061523438,6834.9892578125,940.512451171875,7268.875,122.002136230469,109.054107666016,856.119262695312,2893.30541992188,560.036499023438,290.942749023438,1656.47009277344
2021-12-01,57684.7890625,3170.9638671875,695.917358398438,675.752563476562,7016.90478515625,953.761840820312,7161.51904296875,122.17911529541,109.396751403809,905.194030761719,2899.28247070312,586.362976074219,289.937927246094,1688.68225097656
2021-12-02,58461.2890625,3226.79467773438,706.679565429688,672.024963378906,7065.37353515625,978.073486328125,7159.22119140625,126.633247375488,110.33910369873,916.094116210938,2967.39697265625,595.568054199219,295.39599609375,1727.87475585938
2021-12-03,57696.4609375,3225.46533203125,693.359619140625,668.943481445312,6946.8779296875,966.681396484375,7176.33203125,121.530166625977,108.925605773926,921.665283203125,2932.380859375,593.220764160156,292.495666503906,1703.54125976562
2021-12-06,56747.140625,3132.1484375,672.848876953125,659.350830078125,6792.59716796875,938.283447265625,7055.04443359375,119.081855773926,106.569770812988,887.075622558594,2903.2080078125,591.655944824219,285.142181396484,1641.81018066406
2021-12-07,57633.6484375,3176.76806640625,674.634460449219,683.108581542969,6932.4580078125,948.684936523438,7134.38671875,121.441703796387,107.426429748535,897.44287109375,2929.52587890625,608.455139160156,288.636260986328,1675.119140625
2021-12-08,58649.6796875,3213.8115234375,690.22265625,692.800537109375,7173.64501953125,967.754455566406,7256.359375,120.851707458496,109.054107666016,916.094116210938,2972.61547851562,619.731323242188,293.157958984375,1710.52233886719
2021-12-09,58807.12890625,3193.51782226562,689.064453125,689.917785644531,7156.2822265625,964.411071777344,7273.17626953125,119.84880065918,108.026084899902,916.869201660156,2978.81591796875,620.329650878906,293.774597167969,1718.50036621094
2021-12-10,58786.671875,3222.7177734375,685.879150390625,683.555908203125,7163.0830078125,959.210388183594,7274.98486328125,119.524345397949,108.06893157959,914.786193847656,2981.04614257812,625.300415039062,291.399505615234,1735.20471191406
2021-12-13,58283.421875,3199.27758789062,678.447082519531,699.858276367188,7249.0244140625,957.146728515625,7258.021484375,120.615737915039,107.683418273926,909.069580078125,2950.00024414062,616.877807617188,294.80224609375,1715.01000976562
2021-12-14,58117.08984375,3210.53295898438,667.58837890625,706.468627929688,7225.53759765625,959.045166015625,7221.9921875,125.246887207031,108.154602050781,916.627014160156,2936.751953125,616.693664550781,295.441650390625,1714.36193847656
2021-12-15,57788.03125,3163.38696289062,661.507568359375,708.257995605469,7298.55517578125,947.488098144531,7207.47314453125,123.889999389648,108.540092468262,909.16650390625,2941.79296875,605.831726074219,290.531707763672,1691.57409667969
2021-12-16,57901.140625,3173.80004882812,658.467163085938,705.623657226562,7188.4990234375,957.971862792969,7246.38623046875,122.857551574707,109.096923828125,899.816650390625,2900.041015625,609.32958984375,293.888763427734,1696.71008300781
2021-12-17,57011.73828125,3178.98413085938,643.023803710938,684.947570800781,7037.931640625,967.176391601562,7172.4208984375,123.860466003418,107.512092590332,855.780212402344,2832.953125,607.442626953125,305.923797607422,1639.01782226562
2021-12-20,55822.01171875,3152.3095703125,635.350341796875,670.782409667969,7031.7587890625,957.476867675781,7005.13037109375,123.772010803223,104.385238647461,819.543334960938,2765.6865234375,592.484313964844,304.348083496094,1587.55859375
2021-12-21,56319.01171875,3197.8154296875,643.844299316406,661.985046386719,7046.37158203125,994.955017089844,7162.2529296875,121.913627624512,104.51375579834,830.540283203125,2790.93359375,605.969787597656,315.492492675781,1615.53198242188
2021-12-22,56930.55859375,3216.91357421875,661.024963378906,665.414611816406,7163.85498046875,1009.07147216797,7212.1650390625,123.073837280273,104.984901428223,844.637817382812,2800.7470703125,608.225036621094,313.048950195312,1652.7802734375
2021-12-23,57315.28125,3245.98071289062,654.895935058594,674.211853027344,7122.861328125,1013.15802001953,7175.6474609375,127.256683349609,106.741081237793,844.104919433594,2831.52563476562,598.007385253906,317.296600341797,1671.57885742188
2021-12-24,57124.30859375,3252.5830078125,653.496337890625,663.476135253906,7057.31982421875,1044.36254882812,7063.20751953125,124.111930847168,103.871253967285,833.931518554688,2812.70166015625,599.434204101562,319.032196044922,1691.82336425781
2021-12-27,57420.23828125,3275.00390625,652.000244140625,667.999145507812,7029.63671875,1045.68322753906,7092.00244140625,125.821701049805,104.385238647461,828.602600097656,2813.90600585938,600.400756835938,319.488983154297,1724.03527832031
2021-12-28,57897.48046875,3285.4169921875,656.391967773438,671.37890625,7038.46240234375,1060.21240234375,7240.3251953125,125.455337524414,106.355598449707,826.180358886719,2833.84497070312,605.693664550781,322.183715820312,1746.77307128906
2021-12-29,57806.48828125,3272.876953125,653.110290527344,666.309143066406,7084.279296875,1066.56896972656,7262.1767578125,124.78360748291,105.41325378418,842.603210449219,2910.47900390625,603.392395019531,321.270294189453,1712.96569824219
2021-12-30,57794.3203125,3308.32495117188,655.95751953125,665.016967773438,7026.16455078125,1087.24816894531,7233.236328125,125.39427947998,108.711433410645,857.233520507812,2855.16674804688,594.417419433594,326.157318115234,1692.421875
2021-12-31,58253.8203125,3311.6044921875,660.059753417969,674.510070800781,7163.662109375,1088.36254882812,7422.9169921875,124.78360748291,106.569770812988,860.043273925781,2900.13037109375,603.760559082031,326.659790039062,1703.89038085938
2022-01-03,59183.21875,3383.65258789062,667.154113769531,692.154418945312,7253.1728515625,1094.84289550781,7549.77783203125,125.119468688965,107.9404296875,884.023620605469,2922.52270507812,614.070190429688,328.212646484375,1711.91833496094
2022-01-04,59855.9296875,3440.85717773438,672.945434570312,704.430908203125,7357.29638671875,1101.19934082031,7478.98974609375,128.5390625,113.851455688477,876.07861328125,2934.52172851562,616.877807617188,329.560028076172,1713.962890625
2022-01-05,60223.1484375,3421.67041015625,675.696228027344,722.472839355469,7498.02490234375,1082.583984375,7484.85595703125,127.256683349609,113.166130065918,875.787963867188,2995.587890625,639.430297851562,325.837677001953,1717.80224609375
2022-01-06,59601.83984375,3373.63818359375,685.541320800781,725.951965332031,7599.83447265625,1061.03784179688,7298.40283203125,125.791175842285,112.138107299805,893.131164550781,3047.73291015625,619.961486816406,322.297912597656,1707.67993164062
2022-01-07,59744.6484375,3416.17602539062,680.232727050781,726.200378417969,7627.2275390625,1065.78454589844,7385.9580078125,125.211059570312,112.652122497559,893.664123535156,3024.40356445312,618.856872558594,324.832824707031,1695.56311035156
2022-01-10,60395.62890625,3437.88793945312,680.184448242188,738.377502441406,7835.9091796875,1063.80334472656,7414.01953125,124.569915771484,112.909126281738,891.871643066406,3065.44140625,618.3505859375,316.817016601562,1746.72326660156
2022-01-11,60616.890625,3470.18994140625,679.122680664062,739.023620605469,7855.923828125,1109.49609375,7434.1611328125,124.508842468262,113.337432861328,889.740112304688,3065.08447265625,594.739624023438,317.022552490234,1838.82153320312
2022-01-12,61150.0390625,3418.302734375,704.652526855469,742.204650878906,7878.44580078125,1115.31579589844,7484.5625,125.088928222656,114.665313720703,912.703002929688,3068.34106445312,604.635009765625,315.766510009766,1824.90942382812
2022-01-13,61235.30078125,3454.10546875,706.100341796875,735.991882324219,7789.41796875,1100.62145996094,7440.41845703125,126.951377868652,115.607612609863,898.557067871094,3077.931640625,632.940612792969,296.811828613281,1848.89379882812
2022-01-14,61223.03125,3517.55810546875,695.627868652344,717.3037109375,7795.6875,1104.17102050781,7484.80712890625,126.890327453613,115.950302124023,891.532592773438,3065.75390625,628.292114257812,292.221649169922,1866.69506835938
2022-01-17,61308.91015625,3561.73486328125,703.204772949219,708.3076171875,7971.767578125,1039.16162109375,7692.72265625,125.913314819336,117.149635314941,891.968566894531,3113.03637695312,643.572509765625,295.144744873047,1872.08032226562
2022-01-18,60754.859375,3536.16772460938,689.257385253906,721.279968261719,7635.13720703125,1007.00775146484,7397.7890625,125.241600036621,115.564781188965,872.203002929688,3033.72631835938,625.944702148438,289.298492431641,1836.82678222656
2022-01-19,60098.8203125,3476.28833007812,679.557067871094,725.256103515625,7724.6474609375,989.919616699219,7266.4794921875,124.966804504395,115.521965026855,865.226928710938,3072.17700195312,620.973999023438,283.772003173828,1844.15686035156
2022-01-20,59464.62109375,3398.2099609375,690.415710449219,724.411193847656,7751.5107421875,978.598022460938,7288.91796875,131.04264831543,115.564781188965,850.935668945312,2952.58740234375,628.200012207031,281.054321289062,1860.36242675781
2022-01-21,59037.1796875,3404.42431640625,670.8701171875,708.357299804688,7898.3642578125,972.188171386719,7200.775390625,131.256378173828,114.879463195801,827.391418457031,3055.806640625,613.656127929688,276.868438720703,1823.66296386719
2022-01-24,57491.51171875,3348.18505859375,665.609741210938,700.156494140625,7762.072265625,934.893981933594,6998.482421875,130.615173339844,113.551605224609,823.4189453125,3012.716796875,572.463256835938,262.068786621094,1711.22033691406
2022-01-25,57858.1484375,3346.94213867188,687.133972167969,747.473022460938,8295.76171875,936.350708007812,6943.240234375,133.576797485352,115.821792602539,855.295776367188,3091.17944335938,580.7939453125,257.494018554688,1735.50390625
2022-01-27,57276.94140625,3240.41064453125,682.597534179688,768.4970703125,8504.732421875,897.308471679688,6965.09228515625,131.13427734375,115.607612609863,860.624633789062,3121.24389648438,576.007263183594,249.213607788086,1680.1552734375
2022-01-28,57200.23046875,3276.05444335938,690.994750976562,760.196838378906,8250.0419921875,899.472839355469,6941.52880859375,128.325302124023,120.105125427246,875.448852539062,3121.556640625,578.032409667969,252.621841430664,1690.078125
2022-01-31,58014.171875,3318.35595703125,704.025207519531,768.4970703125,8289.9736328125,915.164672851562,7053.822265625,131.531173706055,121.689971923828,844.734680175781,3171.29272460938,579.182983398438,261.977386474609,1710.97094726562
2022-02-01,58862.5703125,3374.06274414062,697.606506347656,776.399780273438,8254.1884765625,942.843872070312,7344.8935546875,129.974029541016,120.961814880371,893.373413085938,3152.37939453125,602.425842285156,263.875915527344,1742.8837890625
2022-02-02,59558.328125,3424.0888671875,699.729919433594,799.163452148438,8214.8828125,974.893432617188,7276.9404296875,130.67626953125,120.704811096191,943.126403808594,3154.43115234375,607.304504394531,269.068328857422,1770.00964355469
2022-02-03,58788.01953125,3395.6796875,696.496459960938,794.988464355469,8285.681640625,962.156982421875,7210.69921875,129.058059692383,120.440307617188,927.672485351562,3228.8349609375,601.183044433594,264.585021972656,1748.46838378906
2022-02-04,58644.8203125,3386.49096679688,695.145263671875,793.547058105469,8243.5791015625,968.233947753906,7275.57177734375,128.050521850586,118.368309020996,926.122253417969,3182.310546875,605.141296386719,261.611358642578,1751.85925292969
2022-02-07,57621.19140625,3354.48779296875,681.921813964844,784.799499511719,8208.7587890625,963.613647460938,7308.86376953125,130.462554931641,119.161827087402,904.322021484375,3102.46508789062,599.388244628906,254.909240722656,1727.02709960938
2022-02-08,57808.578125,3322.35083007812,684.190002441406,793.745910644531,8291.32421875,967.568054199219,7261.00390625,128.294769287109,118.985496520996,908.100708007812,3081.94604492188,607.396545410156,256.190216064453,1709.57495117188
2022-02-09,58465.96875,3339.08569335938,694.566040039062,798.964660644531,8634.271484375,983.593017578125,7335.849609375,127.806266784668,119.073661804199,936.198791503906,3180.39208984375,610.296142578125,260.353271484375,1778.63610839844
2022-02-10,58926.03125,3347.91821289062,698.619934082031,804.829528808594,8492.6279296875,990.710388183594,7304.953125,129.424468994141,120.263946533203,942.593505859375,3183.6484375,619.041015625,262.366241455078,1779.18444824219
2022-02-11,58152.921875,3280.80322265625,689.595275878906,798.219116210938,8430.7998046875,969.316284179688,7161.61767578125,126.859794616699,120.881156921387,951.410522460938,3182.04296875,618.258483886719,256.945068359375,1758.24194335938
2022-02-14,56405.83984375,3315.115234375,664.113647460938,768.646301269531,8065.37646484375,954.831420898438,6928.72119140625,123.287567138672,116.825332641602,910.813659667969,3109.869140625,576.467468261719,247.909790039062,1658.96313476562
2022-02-15,58142.05078125,3389.19921875,686.603149414062,791.807495117188,8317.416015625,972.937561035156,7128.56982421875,124.203506469727,119.338172912598,940.268188476562,3196.62890625,590.18310546875,257.768524169922,1738.69494628906
2022-02-16,57996.6796875,3385.51513671875,696.303466796875,792.403991699219,8280.376953125,973.145629882812,7024.68505859375,123.16796875,117.398406982422,938.039733886719,3199.39453125,586.777282714844,258.134490966797,1733.21032714844
2022-02-17,57892.01171875,3359.68115234375,692.201293945312,778.189086914062,8243.1923828125,967.568054199219,6891.27294921875,123.701461791992,116.957588195801,926.122253417969,3208.494140625,587.099426269531,258.408996582031,1725.83056640625
2022-02-18,57832.96875,3368.86962890625,687.906066894531,782.612670898438,8252.115234375,969.108154296875,6761.576171875,122.885536193848,116.693092346191,925.831604003906,3242.97509765625,582.496826171875,257.333923339844,1730.96643066406
2022-02-21,57683.58984375,3302.68725585938,685.107055664062,784.004333496094,8306.708984375,969.815673828125,6665.95458984375,124.329032897949,116.252227783203,922.924865722656,3192.61450195312,574.028137207031,261.062408447266,1679.75646972656
2022-02-22,57300.6796875,3184.08227539062,675.551513671875,774.610534667969,8320.501953125,956.454711914062,6600.6904296875,124.329032897949,116.428565979004,910.087036132812,3211.34912109375,572.325256347656,258.065856933594,1663.75012207031
2022-02-23,57232.05859375,3165.12915039062,679.750122070312,772.572814941406,8392.7958984375,959.410034179688,6633.4443359375,124.329032897949,114.621070861816,921.132446289062,3192.92651367188,566.388000488281,259.575592041016,1683.04760742188
2022-02-24,54529.91015625,3020.37915039062,647.415466308594,726.299865722656,7918.3779296875,914.706909179688,6277.548828125,119.810256958008,109.507202148438,848.561889648438,3097.91479492188,524.228820800781,245.599487304688,1542.83081054688
2022-02-25,55858.51953125,3124.64697265625,664.499694824219,753.636108398438,8058.38427734375,940.596435546875,6424.35595703125,123.826942443848,114.885597229004,898.072692871094,3128.24731445312,550.87744140625,254.040054321289,1613.58728027344
2022-02-28,56247.28125,3155.58520507812,662.376281738281,738.1787109375,8017.7275390625,937.890869140625,6423.4755859375,131.295471191406,117.707046508789,892.356140136719,3149.970703125,577.526123046875,254.291610717773,1638.7685546875
2022-03-02,55468.8984375,3146.53002929688,650.455932617188,745.783203125,7536.89697265625,929.48291015625,6253.4970703125,132.331039428711,115.458686828613,877.192810058594,3009.416015625,593.266784667969,254.040054321289,1636.37512207031
2022-03-03,55102.6796875,3146.61865234375,648.428955078125,733.407287597656,7328.7939453125,948.796020507812,5848.6650390625,136.755661010742,116.252227783203,882.37646484375,2938.09057617188,602.794006347656,260.582061767578,1639.86547851562
2022-03-04,54333.80859375,3129.529296875,630.283081054688,710.892211914062,6987.5830078125,947.380920410156,5915.4443359375,134.904235839844,114.841491699219,874.915954589844,2892.54736328125,581.806457519531,263.075347900391,1611.4931640625
2022-03-07,52842.75,3094.10791015625,652.096740722656,663.27734375,6529.08056640625,960.408874511719,5572.06396484375,133.743148803711,114.621070861816,808.158752441406,2882.55541992188,586.685180664062,261.451263427734,1560.48254394531
2022-03-08,53424.08984375,3195.8896484375,659.142883300781,665.613342285156,6563.99755859375,978.348388671875,5702.00537109375,133.084182739258,117.795204162598,814.165954589844,2956.73559570312,579.367126464844,268.587951660156,1596.38439941406
2022-03-09,54647.328125,3225.54077148438,667.395385742188,670.285400390625,6780.63623046875,984.300598144531,5884.3037109375,130.573760986328,115.943626403809,848.222778320312,2978.50390625,578.170471191406,267.764465332031,1651.93237304688
2022-03-10,55464.390625,3213.77783203125,673.283142089844,690.663269042969,6950.83251953125,992.417053222656,5916.6181640625,131.107208251953,117.178009033203,876.030212402344,3053.08569335938,599.019958496094,268.885375976562,1737.69787597656
2022-03-11,55550.30078125,3196.55493164062,670.628845214844,686.786560058594,6854.7626953125,993.58251953125,5891.14794921875,133.335205078125,116.296310424805,873.462524414062,3053.79931640625,616.463623046875,268.176208496094,1728.8720703125
2022-03-14,56486.01953125,3233.84155273438,676.178771972656,705.872192382812,7055.24560546875,1001.24127197266,5904.24951171875,133.900024414062,116.47265625,879.4697265625,3081.0537109375,611.722900390625,273.551696777344,1731.21569824219
2022-03-15,55776.8515625,3191.84985351562,678.881408691406,694.043090820312,7154.353515625,979.721923828125,5886.84619140625,131.452392578125,115.590950012207,868.085205078125,3080.56298828125,590.367126464844,268.839599609375,1697.80700683594
2022-03-16,56816.6484375,3244.09497070312,687.809631347656,719.391296386719,7219.0751953125,998.368774414062,6163.20263671875,131.358261108398,116.957588195801,899.332275390625,3185.87890625,603.162231445312,273.528747558594,1752.65698242188
2022-03-17,57863.9296875,3262.693359375,697.65478515625,734.997802734375,7419.02734375,996.079833984375,6231.1064453125,132.738998413086,117.178009033203,903.789123535156,3255.46459960938,630.91552734375,275.084197998047,1813.59045410156
2022-03-21,57292.48828125,3218.34985351562,684.672668457031,722.075134277344,7430.4580078125,972.979125976562,6055.9453125,128.596771240234,117.222091674805,884.604919433594,3200.46533203125,626.773315429688,274.55810546875,1798.0830078125
2022-03-22,57989.30078125,3285.55346679688,694.228332519531,727.741271972656,7488.37939453125,979.93017578125,6072.27294921875,130.981674194336,117.133918762207,898.460144042969,3261.75439453125,641.133178710938,279.018585205078,1826.35559082031
2022-03-23,57684.8203125,3292.03393554688,680.522216796875,722.323669433594,7372.8740234375,982.219421386719,6096.42333984375,131.860305786133,117.662933349609,902.432678222656,3210.23388671875,648.221069335938,279.567535400391,1807.158203125
2022-03-24,57595.6796875,3329.09765625,681.680480957031,717.900146484375,7286.69140625,991.959289550781,6204.41455078125,132.268280029297,119.382263183594,896.086364746094,3194.62158203125,658.254516601562,279.453155517578,1827.65197753906
2022-03-25,57362.19921875,3291.767578125,684.576232910156,716.607971191406,7156.47607421875,982.593933105469,6174.0068359375,131.546524047852,118.765068054199,896.425537109375,3259.07788085938,663.869750976562,276.159332275391,1864.50109863281
2022-03-28,57593.48828125,3290.08056640625,707.837707519531,731.866516113281,7211.88916015625,968.733276367188,6214.3876953125,133.209671020508,118.853240966797,905.872314453125,3291.28344726562,672.108276367188,274.535247802734,1903.34497070312
2022-03-29,57943.6484375,3289.10424804688,728.300231933594,733.158752441406,7174.27197265625,972.646240234375,6381.921875,132.550674438477,118.456474304199,900.543334960938,3290.97143554688,694.062255859375,275.678985595703,1910.62512207031
2022-03-30,58683.98828125,3311.91967773438,723.329467773438,745.733520507812,7330.9638671875,970.648254394531,6491.0859375,135.845626831055,119.029586791992,897.636657714844,3277.9912109375,661.292297363281,274.786895751953,1988.51208496094
2022-03-31,58568.51171875,3319.1552734375,729.120666503906,756.121276855469,7291.94775390625,968.442260742188,6455.15478515625,136.0966796875,118.985496520996,906.017578125,3258.498046875,674.363403320312,270.829650878906,2010.20263671875
2022-04-01,59276.69140625,3335.17944335938,732.209289550781,769.839111328125,7419.22119140625,973.187133789062,6517.28955078125,141.180297851562,126.039100646973,938.62109375,3334.8642578125,673.442932128906,275.152893066406,2038.67492675781
2022-04-04,60611.73828125,3346.67529296875,740.944519042969,778.984252929688,7499.76171875,988.462768554688,6590.76611328125,142.71794128418,127.18531036377,956.787841796875,3357.92553710938,674.593505859375,277.005645751953,2059.966796875
2022-04-05,60176.5,3385.958984375,739.593200683594,778.835205078125,7485.43798828125,995.2890625,6576.97998046875,146.263931274414,131.505630493164,943.998352050781,3397.62524414062,674.961791992188,276.498229980469,2136.00854492188
2022-04-06,59610.41015625,3334.55688476562,748.231872558594,768.994201660156,7470.052734375,974.643920898438,6586.0732421875,148.491943359375,134.944259643555,937.555297851562,3391.87158203125,678.873901367188,273.799682617188,2154.10888671875
2022-04-07,59034.94921875,3271.34887695312,736.070190429688,787.334289550781,7366.65283203125,976.683532714844,6587.53955078125,145.228378295898,135.341049194336,942.351318359375,3392.80786132812,670.267211914062,267.96435546875,2092.87670898438
2022-04-08,59447.1796875,3273.03637695312,735.635803222656,790.167358398438,7289.826171875,970.356872558594,6680.7177734375,145.981491088867,134.018493652344,955.189270019531,3398.74047851562,696.317504882812,269.302062988281,2164.78002929688
2022-04-11,58964.5703125,3281.51342773438,731.53369140625,780.723937988281,7296.4814453125,943.843078613281,6705.0634765625,144.914581298828,134.944259643555,950.247802734375,3380.2734375,706.258972167969,263.489807128906,2172.70825195312
2022-04-12,58576.37109375,3277.11889648438,715.80078125,793.795532226562,7343.6962890625,941.720336914062,6624.7421875,146.295318603516,134.591598510742,954.317199707031,3311,695.673217773438,257.792816162109,2192.2548828125
2022-04-13,58338.9296875,3250.35327148438,714.93212890625,788.228881835938,7207.01904296875,936.600463867188,6577.17626953125,144.004531860352,135.693710327148,952.960754394531,3299.04516601562,705.29248046875,258.000427246094,2192.80346679688
2022-04-18,57166.73828125,3132.41430664062,704.411254882812,794.392028808594,7306.078125,917.995056152344,6489.96142578125,145.008728027344,143.981704711914,946.566101074219,3309.52758789062,706.903442382812,248.520919799805,2226.86010742188
2022-04-19,56463.1484375,3084.34301757812,697.413391113281,793.298583984375,7174.3681640625,891.647644042969,6430.31982421875,143.094528198242,141.645233154297,932.5654296875,3263.09252929688,686.928405761719,244.830596923828,2164.72998046875
2022-04-20,57037.5,3156.82836914062,713.677307128906,790.018188476562,7396.84326171875,907.006530761719,6656.95849609375,142.529647827148,141.468841552734,942.060607910156,3315.63891601562,680.208740234375,247.575271606445,2177.99389648438
2022-04-21,57911.6796875,3222.5224609375,709.189025878906,797.075927734375,7596.69921875,915.372863769531,6691.57080078125,142.623794555664,143.496765136719,958.192810058594,3305.69165039062,675.836303710938,248.728485107422,2280.314453125
2022-04-22,57197.1484375,3206.45434570312,713.049926757812,775.703918457031,7623.12841796875,917.204284667969,6593.748046875,141.525482177734,141.292510986328,930.046264648438,3251.36083984375,666.124938964844,248.105728149414,2267.89794921875
2022-04-25,56579.890625,3149.50366210938,713.7255859375,776.051940917969,7630.36279296875,907.797485351562,6446.404296875,139.893707275391,137.501205444336,917.353698730469,3294.2724609375,658.622741699219,244.184722900391,2280.9619140625
2022-04-26,57356.609375,3146.79614257812,729.892822265625,770.584716796875,7621.2470703125,910.794311523438,6510.8369140625,145.385284423828,138.426986694336,949.811828613281,3470.73510742188,663.777587890625,244.184722900391,2390.462890625
2022-04-27,56819.390625,3161.57763671875,727.335083007812,761.538818359375,7511.86669921875,912.375915527344,6402.2099609375,143.879028320312,137.148529052734,944.192199707031,3484.60791015625,663.639526367188,239.525726318359,2328.2333984375
2022-04-28,57521.05859375,3181.72973632812,721.254150390625,775.306335449219,7608.37060546875,924.775146484375,6465.46923828125,147.895706176758,140.807586669922,956.739501953125,3419.97314453125,671.325744628906,241.047943115234,2372.41235351562
2022-04-29,57060.87109375,3151.63525390625,713.966796875,724.361450195312,7458.67138671875,913.179992675781,6481.40673828125,142.843460083008,135.429229736328,947.777160644531,3325.00610351562,669.070495605469,234.797470092773,2326.73706054688
2022-05-02,56975.98828125,3144.48828125,715.655944824219,722.969787597656,7370.703125,903.573913574219,6529.0712890625,145.134231567383,138.867828369141,987.308227539062,3233.51879882812,673.719116210938,228.362442016602,2332.92041015625
2022-05-04,55669.03125,3091.57788085938,697.461791992188,702.542175292969,7137.3291015625,883.768920898438,6378.9892578125,149.119537353516,139.881805419922,947.970947265625,3119.14770507812,654.710632324219,226.886306762695,2241.91918945312
2022-05-05,55702.23046875,3118.96484375,692.587341308594,697.870178222656,7142.97216796875,907.25537109375,6214.28955078125,146.766006469727,139.396835327148,907.034912109375,3144.70703125,651.350769042969,231.130187988281,2250.59521484375
2022-05-06,54835.578125,3047.67797851562,685.686218261719,669.19189453125,7019.50927734375,888.804809570312,6064.060546875,149.527481079102,140.234466552734,888.141418457031,3120.44116210938,635.748107910156,223.910980224609,2240.42333984375
2022-05-09,54470.671875,3059.3076171875,686.9892578125,660.096374511719,7098.65087890625,910.471618652344,6089.38330078125,153.763824462891,140.190383911133,861.738891601562,3182.578125,625.024353027344,223.034545898438,2191.95556640625
2022-05-10,54364.8515625,3051.451171875,694.566040039062,655.822021484375,7250.5205078125,907.551696777344,6224.7998046875,153.073471069336,136.928115844727,882.424926757812,3203.18603515625,594.095275878906,220.428237915039,2104.6943359375
2022-05-11,54088.390625,3029.833984375,697.751281738281,668.446411132812,7127.443359375,897.268371582031,6195.076171875,150.029556274414,134.591598510742,894.487731933594,3220.27026367188,597.409057617188,217.36067199707,2113.869140625
2022-05-12,52930.30859375,3028.1474609375,681.197875976562,645.483825683594,6995.2021484375,895.998962402344,6052.4736328125,147.927093505859,131.020721435547,842.409362792969,3198.36865234375,574.994689941406,218.559997558594,2037.02941894531
2022-05-13,52793.62109375,3030.322265625,665.416809082031,632.114013671875,6850.08447265625,892.359436035156,6061.8603515625,148.680206298828,127.008972167969,844.880004882812,3248.1494140625,552.166076660156,216.138214111328,2049.4453125
2022-05-16,52973.83984375,2997.65283203125,668.698364257812,635.096130371094,6996.79296875,883.472717285156,5879.17041015625,147.61328125,130.888473510742,858.589965820312,3312.29345703125,553.869018554688,215.976776123047,2101.30395507812
2022-05-17,54318.46875,3064.72338867188,682.935180664062,651.000915527344,7266.43505859375,916.8193359375,5973.228515625,149.809921264648,132.651840209961,875.787963867188,3337.0498046875,590.965515136719,224.556777954102,2178.54248046875
2022-05-18,54208.53125,3061.88208007812,671.835327148438,655.374694824219,7297.7353515625,908.947875976562,6093.39208984375,143.000350952148,130.712097167969,874.819091796875,3382.6376953125,581.162048339844,221.996627807617,2173.45654296875
2022-05-19,52792.23046875,2903.5947265625,650.069885253906,646.279235839844,7146.44384765625,854.357971191406,5945.99853515625,143.408309936523,130.623931884766,839.454284667969,3298.10864257812,552.258178710938,208.204010009766,2108.23461914062
2022-05-20,54326.390625,2924.19067382812,663.775817871094,669.19189453125,7318.2802734375,870.565612792969,5987.0634765625,143.753509521484,131.814224243164,868.618103027344,3378.13256835938,580.701782226562,212.009658813477,2217.23681640625
2022-05-23,54288.609375,2948.20483398438,661.845458984375,671.130310058594,7616.328125,861.721313476562,5787.458984375,140.929275512695,132.387344360352,874.47998046875,3377.552734375,504.069641113281,214.823516845703,2163.03466796875
2022-05-24,54052.609375,2918.99755859375,655.185424804688,660.046691894531,7523.24853515625,839.546691894531,5738.22998046875,142.466903686523,129.609970092773,870.507446289062,3375.27758789062,496.659606933594,212.217239379883,2154.50805664062
2022-05-25,53749.26171875,2830.11547851562,664.403198242188,660.841918945312,7509.8408203125,824.693054199219,5664.2646484375,141.086166381836,134.591598510742,865.759826660156,3381.16552734375,486.303894042969,205.205596923828,2069.44091796875
2022-05-26,54252.53125,2885.52685546875,669.229370117188,679.480285644531,7529.7109375,830.363586425781,5742.3857421875,142.498291015625,135.958206176758,869.1025390625,3441.25073242188,507.797760009766,209.172714233398,2042.11547851562
2022-05-27,54884.66015625,2915.55639648438,660.928466796875,684.450500488281,7660.11865234375,849.66064453125,5826.37255859375,141.117553710938,132.651840209961,896.764587402344,3417.25219726562,505.036163330078,215.400161743164,2074.42724609375
2022-05-30,55925.73828125,3016.8623046875,674.682739257812,689.420837402344,7729.56689453125,879.960266113281,5964.625,143.282821655273,133.048599243164,907.034912109375,3439.421875,495.831115722656,219.736297607422,2159.74389648438
2022-05-31,55566.41015625,3007.25390625,676.709655761719,681.319274902344,7687.75341796875,880.468200683594,5947.6611328125,146.232528686523,137.677536010742,901.802856445312,3446.24658203125,507.475494384766,220.612747192383,2161.83813476562
2022-06-01,55381.171875,2999.8359375,670.097961425781,682.412780761719,7656.2607421875,862.017395019531,5844.55859375,143.753509521484,138.250640869141,898.557067871094,3319.1181640625,524.643005371094,217.153060913086,2144.93432617188
2022-06-02,55818.109375,3059.22534179688,671.690673828125,687.482299804688,7643.86572265625,879.918029785156,5873.59765625,141.588256835938,140.234466552734,913.962585449219,3286.8232421875,527.588684082031,218.698394775391,2203.82299804688
2022-06-03,55769.23046875,3073.39135742188,662.521057128906,672.472229003906,7433.88232421875,882.414672851562,5550.994140625,141.650985717773,136.707672119141,895.505004882812,3274.73461914062,517.739196777344,219.436462402344,2183.279296875
2022-06-06,55675.3203125,3065.7490234375,659.5771484375,667.899658203125,7437.3544921875,877.929138183594,5457.66845703125,140.96061706543,136.795837402344,899.768249511719,3406.54663085938,532.559387207031,218.306304931641,2218.03442382812
2022-06-07,55107.33984375,3004.751953125,662.038513183594,661.786254882812,7531.880859375,865.741516113281,5430.92822265625,141.148910522461,138.647415161133,894.487731933594,3420.32983398438,526.346008300781,215.699981689453,2220.4775390625
2022-06-08,54892.48828125,3041.439453125,640.128234863281,654.97705078125,7613.337890625,872.089233398438,5409.95556640625,140.992034912109,138.471084594727,885.476928710938,3383.79760742188,530.120056152344,217.014694213867,2170.5146484375
2022-06-09,55320.28125,3062.44213867188,652.965454101562,657.213562011719,7644.6376953125,870.396545410156,5359.7490234375,141.086166381836,136.839935302734,892.017028808594,3458.69140625,526.852172851562,219.159683227539,2212.150390625
2022-06-10,54303.44140625,3007.74560546875,649.587219238281,656.86572265625,7653.5595703125,860.155456542969,5387.85888671875,140.897888183594,136.839935302734,883.878295898438,3466.140625,526.806213378906,212.609344482422,2195.14697265625
2022-06-13,52846.69921875,2877.97436523438,647.849914550781,645.086303710938,7616.3759765625,838.742736816406,5236.70166015625,139.517150878906,131.241165161133,837.322692871094,3461.99291992188,519.304016113281,205.851409912109,2075.7734375
2022-06-14,52693.5703125,2870.0205078125,658.4189453125,646.1796875,7533.90673828125,843.482116699219,5305.58203125,140.584075927734,133.357192993164,817.460205078125,3286.95703125,517.048828125,205.251754760742,2190.509765625
2022-06-15,52541.390625,2866.04296875,658.274047851562,646.627075195312,7574.41845703125,838.150085449219,5331.58984375,139.454376220703,130.667999267578,816.733581542969,3297.35034179688,518.383605957031,203.060607910156,2178.34301757812
2022-06-16,51495.7890625,2808.44262695312,631.200012207031,631.617004394531,7555.5126953125,816.82177734375,5190.5517578125,135.782897949219,126.127258300781,784.372253417969,3260.63916015625,502.228668212891,194.849624633789,2077.169921875
2022-06-17,51360.421875,2760.984375,621.451293945312,631.815795898438,7418.3525390625,811.870788574219,5062.46826171875,132.770370483398,123.834838867188,781.853149414062,3240.78930664062,510.282989501953,186.915390014648,2090.33374023438
2022-06-20,51597.83984375,2782.38891601562,619.18310546875,624.260986328125,7388.35498046875,812.801696777344,5212.2080078125,130.699264526367,121.145645141602,758.987121582031,3226.06909179688,506.693084716797,191.205413818359,2077.5185546875
2022-06-21,52532.0703125,2870.69116210938,631.006958007812,632.958923339844,7505.06640625,835.653381347656,5299.6669921875,132.048614501953,123.349899291992,773.811279296875,3250.87036132812,530.350158691406,196.164291381836,2155.00659179688
2022-06-22,51822.53125,2879.62817382812,620.389587402344,623.117858886719,7506.17578125,813.859619140625,5285.92919921875,132.111389160156,121.366073608398,753.125305175781,3238.2470703125,506.555023193359,189.70622253418,2083.50244140625
2022-06-23,52265.71875,2957.38354492188,637.522155761719,625.503601074219,7981.3154296875,822.1962890625,5287.8359375,130.918930053711,120.219879150391,762.184509277344,3374.83154296875,514.379272460938,193.442657470703,2103.697265625
2022-06-24,52727.98046875,2943.0390625,648.139404296875,630.225341796875,8059.05908203125,818.049072265625,5347.91845703125,131.138580322266,120.792961120605,781.12646484375,3401.50610351562,522.295715332031,193.142837524414,2155.60498046875
2022-06-27,53161.28125,2960.64575195312,661.073303222656,633.207458496094,8144.56640625,839.419738769531,5435.91455078125,132.8017578125,122.071441650391,797.404052734375,3445.443359375,526.299926757812,196.048965454102,2175.45068359375
2022-06-28,53177.44921875,2966.2763671875,657.308898925781,638.475891113281,8187.056640625,848.518127441406,5449.4072265625,131.954467773438,122.159622192383,791.9296875,3467.96997070312,532.467346191406,196.971557617188,2198.986328125
2022-06-29,53026.96875,2941.3408203125,663.582763671875,622.074096679688,8205.9619140625,836.45751953125,5498.53857421875,132.770370483398,125.113319396973,782.434509277344,3449.90380859375,530.212036132812,193.834762573242,2214.74365234375
2022-06-30,53018.94140625,2918.283203125,660.108093261719,632.909240722656,8169.98291015625,823.550476074219,5475.2685546875,132.958648681641,126.215423583984,769.838806152344,3430.095703125,518.429504394531,191.92041015625,2183.87768554688
2022-07-01,52907.9296875,2963.77392578125,649.973388671875,641.308959960938,8098.99072265625,826.343444824219,5566.8330078125,129.600936889648,123.923011779785,782.386108398438,3354.10034179688,532.513305664062,194.572830200195,2225.51391601562
2022-07-04,53234.76953125,2890.93408203125,658.177612304688,650.553588867188,8141.095703125,833.283508300781,5577.73486328125,132.205535888672,124.672454833984,806.220947265625,3406.90844726562,523.545532226562,193.950103759766,2254.43505859375
2022-07-05,53134.3515625,2874.400390625,660.494140625,644.539611816406,8049.02783203125,831.210021972656,5601.2490234375,134.37077331543,124.099365234375,798.324523925781,3410.1015625,541.32861328125,190.882507324219,2239.27612304688
2022-07-06,53750.96875,2913.85864257812,669.808410644531,654.132019042969,8328.8466796875,835.06103515625,5702.00537109375,132.174118041992,122.512275695801,810.5810546875,3491.8818359375,543.925048828125,191.943481445312,2265.25512695312
2022-07-07,54178.4609375,2937.6767578125,662.762390136719,655.52587890625,8293.880859375,836.669067382812,5708.2138671875,133.397979736328,123.790771484375,834.319030761719,3519.51245117188,563.030822753906,194.111526489258,2269.04516601562
2022-07-08,54481.83984375,2917.92529296875,671.063171386719,666.128601074219,8175.0478515625,832.606567382812,5709.0439453125,137.320510864258,126.524040222168,822.0625,3540.01513671875,554.555603027344,193.373489379883,2286.79663085938
2022-07-11,54395.23046875,2782.43408203125,637.329040527344,676.980163574219,8203.115234375,798.455810546875,5718.52880859375,136.190826416016,127.273490905762,831.460815429688,3563.66528320312,565.235290527344,189.683135986328,2365.08227539062
2022-07-12,53886.609375,2756.87353515625,639.404235839844,672.450439453125,8123.587890625,785.464233398438,5646.76318359375,133.931442260742,129.654052734375,820.366882324219,3562.5546875,562.834716796875,188.691345214844,2359.39794921875
2022-07-13,53514.1484375,2715.67163085938,621.065307617188,676.880737304688,8141.095703125,776.746765136719,5669.837890625,134.307998657227,130.976593017578,792.317260742188,3571.44091796875,576.551635742188,187.699569702148,2346.03442382812
2022-07-14,53416.1484375,2687.130859375,619.665710449219,665.083190917969,8258.7705078125,764.855407714844,5604.4267578125,134.841461181641,130.80029296875,795.223937988281,3573.24560546875,572.779541015625,185.254745483398,2380.423828125
2022-07-15,53760.78125,2682.51635742188,628.980102539062,659.557861328125,8469.525390625,747.42041015625,5677.07275390625,131.421020507812,132.078765869141,789.798156738281,3622.07299804688,564.696350097656,181.679733276367,2399.13061523438
2022-07-18,54521.1484375,2742.37524414062,640.417785644531,681.410461425781,8398.4375,761.977722167969,5849.349609375,131.954467773438,132.122848510742,824.242492675781,3688.85791015625,574.102233886719,186.707809448242,2418.3857421875
2022-07-19,54767.62109375,2755.59301757812,649.5390625,697.438903808594,8405.720703125,761.763793945312,5944.72802734375,131.766189575195,132.872253417969,841.488891601562,3704.63989257812,572.926513671875,187.099899291992,2444.87451171875
2022-07-20,55397.53125,2835.21069335938,646.932922363281,701.919006347656,8435.4296875,785.257385253906,5954.70068359375,131.326873779297,132.740020751953,851.565490722656,3704.08471679688,578.3642578125,190.144454956055,2445.42333984375
2022-07-21,55681.94921875,2847.53295898438,654.992431640625,712.471862792969,8489.251953125,791.162719726562,5992.53955078125,133.115524291992,132.872253417969,918.661743164062,3755.7353515625,576.306701660156,191.020889282227,2490.16918945312
2022-07-22,56072.23046875,2841.529296875,654.895935058594,727.703857421875,8513.220703125,787.397033691406,6310.7919921875,131.766189575195,131.285186767578,913.478149414062,3753.28271484375,570.575012207031,189.498626708984,2493.21215820312
2022-07-25,55766.21875,2838.21313476562,654.558044433594,724.966186523438,8308.0107421875,796.255249023438,6240.052734375,130.510971069336,132.387344360352,931.64501953125,3718.75634765625,573.367370605469,191.27458190918,2543.94458007812
2022-07-26,55268.48828125,2792.10913085938,660.011535644531,703.213134765625,8219.9951171875,781.791076660156,6253.44775390625,131.201324462891,132.166931152344,931.548095703125,3633.31958007812,585.761657714844,186.915390014648,2554.61987304688
2022-07-27,55816.3203125,2857.07592773438,651.324645996094,715.757202148438,8353.1044921875,794.372314453125,6393.01904296875,132.174118041992,132.078765869141,949.036682128906,3589.81469726562,590.366516113281,187.561218261719,2541.79931640625
2022-07-28,56857.7890625,2921.46069335938,643.602905273438,722.029235839844,8411.21875,809.050415039062,6328.8798828125,133.931442260742,132.563690185547,986.048645019531,3573.10668945312,604.426452636719,191.897338867188,2544.89208984375
2022-07-29,57570.25,2957.84228515625,654.316833496094,721.581237792969,8461.5205078125,812.003173828125,6400.1572265625,134.307998657227,134.856094360352,1010.75549316406,3622.39721679688,616.624694824219,195.449295043945,2563.44921875
2022-08-01,58115.5,2956.40869140625,673.028137207031,727.703857421875,8684.86328125,814.57080078125,6510.4453125,137.508819580078,138.074310302734,1008.47857666016,3679.83276367188,626.2265625,197.894104003906,2652.74169921875
2022-08-02,58136.359375,2948.20971679688,665.659973144531,727.007019042969,8842.0859375,813.886169433594,6531.68505859375,139.674072265625,140.631240844727,1034.63891601562,3697.65185546875,635.093627929688,198.147827148438,2676.68603515625
2022-08-03,58350.53125,2992.61108398438,671.816284179688,727.056762695312,8696.158203125,819.021240234375,6492.4013671875,140.238906860352,140.851654052734,1025.28918457031,3704.2236328125,639.404602050781,199.347183227539,2705.27001953125
2022-08-04,58298.80078125,3005.64916992188,672.785766601562,718.544799804688,8709.994140625,820.091064453125,6482.42041015625,138.60710144043,136.487274169922,1017.44097900391,3715.19262695312,650.819091796875,200.869476318359,2716.89282226562
2022-08-05,58387.9296875,3015.59619140625,682.141418457031,725.015869140625,8579.017578125,819.962707519531,6667.68310546875,140.270263671875,137.457122802734,1004.16705322266,3716.39575195312,653.70947265625,202.922225952148,2691.35180664062
2022-08-08,58853.0703125,3023.39208984375,682.868469238281,742.438171386719,8663.9716796875,826.852416992188,6558.77734375,139.140579223633,140.366729736328,1017.87701416016,3722.3662109375,655.521911621094,201.100112915039,2785.88305664062
2022-08-10,58817.2890625,3007.30712890625,693.145324707031,735.568786621094,8621.1552734375,815.212585449219,6481.83056640625,140.176132202148,139.917404174805,1028.97082519531,3734.44580078125,656.305725097656,198.401550292969,2820.30297851562
2022-08-11,59332.6015625,3066.85327148438,687.909973144531,755.828491210938,8561.4921875,823.386108398438,6485.51806640625,139.830947875977,137.985366821289,1052.314453125,3730.32690429688,659.588134765625,202.230270385742,2826.68798828125
2022-08-12,59462.78125,3046.55615234375,688.200805664062,757.072937011719,8446.1005859375,818.2509765625,6459.6064453125,142.968994140625,142.478530883789,1054.70739746094,3736.158203125,664.388977050781,201.1923828125,2857.7158203125
2022-08-16,59842.2109375,3040.41772460938,682.335327148438,762.05078125,8737.6650390625,820.775695800781,6543.14208984375,143.565200805664,142.43359375,1059.0048828125,3787.85498046875,660.175903320312,201.630599975586,2967.96020507812
2022-08-17,60260.12890625,3047.31787109375,699.737915039062,768.571594238281,8687.1298828125,838.963012695312,6498.59619140625,143.314163208008,145.084564208984,1063.40002441406,3764.48266601562,658.804321289062,204.398345947266,3001.93139648438
2022-08-18,60298,3029.93334960938,710.887145996094,761.552917480469,8679.263671875,833.485290527344,6591.17822265625,145.102844238281,144.455535888672,1079.36938476562,3755.87451171875,659.882019042969,200.661880493164,3146.34594726562
2022-08-19,59646.1484375,3033.51806640625,710.0146484375,755.529907226562,8522.1708984375,829.719604492188,6534.19384765625,144.532455444336,141.71467590332,1038.10327148438,3768.83349609375,650.819091796875,199.647033691406,3121.80322265625
2022-08-22,58773.87109375,3005.73876953125,705.3125,738.406127929688,8372.650390625,821.332153320312,6360.97705078125,143.169845581055,140.681289672852,1033.4150390625,3741.01782226562,629.851745605469,193.74250793457,3044.93139648438
2022-08-23,59031.30078125,2942.56372070312,715.1044921875,743.433715820312,8468.0908203125,811.061706542969,6387.28173828125,144.025405883789,142.298797607422,1046.01452636719,3755.45751953125,639.208679199219,192.289443969727,3016.64697265625
2022-08-24,59085.4296875,2917.11474609375,716.364929199219,747.565307617188,8438.96484375,812.602172851562,6399.27783203125,145.324676513672,144.140975952148,1075.95092773438,3763.60302734375,638.522827148438,191.989608764648,3129.33544921875
2022-08-25,58774.71875,2883.7353515625,715.540771484375,739.700439453125,8478.189453125,807.681030273438,6365.15625,143.391662597656,142.837982177734,1063.98620605469,3759.66943359375,635.730407714844,191.551376342773,3059.697265625
2022-08-26,58833.87109375,2886.916015625,708.26953125,740.99462890625,8465.5673828125,809.478271484375,6405.423828125,146.148559570312,146.836929321289,1043.57275390625,3751.19995117188,653.660400390625,192.450912475586,3132.17895507812
2022-08-29,57972.62109375,2808.10400390625,698.913940429688,725.364379882812,8575.8134765625,785.3857421875,6397.65576171875,143.83528137207,144.68017578125,1035.75891113281,3732.45581054688,636.318298339844,186.569412231445,3135.42138671875
2022-08-30,59537.0703125,2877.91040039062,704.343017578125,747.814270019531,8827.42578125,803.957946777344,6561.3828125,145.51481628418,147.241302490234,1081.17639160156,3781.32958984375,652.925598144531,190.721069335938,3186.20385742188
2022-09-01,58766.58984375,2806.17797851562,712.632263183594,740.944885253906,8765.3359375,792.5322265625,6514.57568359375,143.328277587891,144.320739746094,1085.13208007812,3771.93432617188,647.977661132812,189.383285522461,3225.26245117188
2022-09-02,58803.328125,2804.47509765625,712.244506835938,747.764465332031,8660.6220703125,790.905822753906,6468.06298828125,142.092407226562,145.309234619141,1075.31604003906,3731.99267578125,647.977661132812,188.11474609375,3349.1748046875
2022-09-05,59245.98046875,2807.34301757812,718.0615234375,752.592956542969,8678.8759765625,801.00537109375,6417.4208984375,141.743850708008,147.55583190918,1081.66467285156,3662.47729492188,668.357177734375,187.099899291992,3339.29809570312
2022-09-06,59196.98828125,2803.75854492188,738.081665039062,746.619506835938,8625.4765625,802.674072265625,6391.31298828125,142.599411010742,151.330078125,1082.78784179688,3637.99389648438,670.610595703125,186.615539550781,3427.89233398438
2022-09-07,59028.91015625,2823.69677734375,730.083312988281,752.144836425781,8526.63671875,797.453369140625,6655.24365234375,142.250854492188,150.341567993164,1064.52331542969,3560.98095703125,670.512573242188,187.907165527344,3465.80444335938
2022-09-08,59688.21875,2840.49853515625,746.710327148438,776.38671875,8532.025390625,796.897094726562,6803.08935546875,142.124084472656,149.84733581543,1082.29956054688,3559.08349609375,671.590454101562,190.398162841797,3453.93188476562
2022-09-09,59793.140625,2883.0185546875,742.2021484375,781.364501953125,8685.478515625,812.0458984375,6671.0751953125,141.300201416016,149.712539672852,1110.42907714844,3563.66528320312,673.549987792969,192.450912475586,3442.65795898438
2022-09-12,60115.12890625,2904.52465820312,745.450012207031,797.592224121094,8668.29296875,817.823120117188,6752.49609375,141.965667724609,149.487899780273,1109.59899902344,3582.64086914062,672.47216796875,194.642028808594,3453.33349609375
2022-09-13,60571.078125,2893.86108398438,760.671081542969,801.873046875,8666.5458984375,817.865783691406,6781.25927734375,143.645172119141,150.386520385742,1137.09338378906,3578.19775390625,676.881164550781,194.964920043945,3547.91357421875
2022-09-14,60346.96875,2796.58959960938,759.556213378906,797.791198730469,8695.478515625,797.924194335938,6770.78662109375,147.352752685547,154.250640869141,1188.078125,3563.75805664062,679.232666015625,192.012680053711,3563.3779296875
2022-09-15,59934.01171875,2781.8037109375,760.864990234375,786.193054199219,8976.265625,787.311401367188,6673.92724609375,150.648376464844,157.305999755859,1168.20190429688,3490.03051757812,675.558532714844,191.482192993164,3740.46655273438
2022-09-16,58840.7890625,2696.04711914062,756.21142578125,785.894409179688,8957.236328125,768.525146484375,6373.21923828125,149.349151611328,155.373916625977,1198.91955566406,3419.95971679688,671.737365722656,185.370086669922,3693.326171875
2022-09-19,59141.23046875,2713.87963867188,758.732116699219,795.302368164062,9013.3056640625,768.396728515625,6354.73291015625,147.669616699219,153.756378173828,1197.45446777344,3431.94677734375,666.054626464844,185.416198730469,3770.14770507812
2022-09-20,59719.73828125,2725.39453125,766.439636230469,808.891845703125,9026.4619140625,782.261840820312,6368.302734375,147.384460449219,154.38542175293,1234.76501464844,3488.78100585938,674.823669433594,186.800064086914,3826.91625976562
2022-09-21,59456.78125,2689.86401367188,756.599304199219,802.370910644531,8979.6650390625,771.221069335938,6215.44189453125,143.486724853516,151.554733276367,1195.40344238281,3454.30102539062,671.051513671875,184.885711669922,3633.01611328125
2022-09-22,59119.71875,2695.1064453125,760.283325195312,785.595703125,9130.30078125,768.439453125,6138.5439453125,139.462249755859,151.554733276367,1187.29663085938,3450.64477539062,665.221801757812,183.571044921875,3708.091796875
2022-09-23,58098.921875,2672.88305664062,747.437438964844,765.186645507812,9072.095703125,766.342712402344,6043.65087890625,128.402893066406,147.421035766602,1155.65100097656,3423.29223632812,655.0810546875,181.93342590332,3665.39111328125
2022-09-26,57145.21875,2683.59130859375,732.167724609375,739.15283203125,8573.7265625,776.185180664062,6073.7900390625,127.547271728516,142.478530883789,1122.44262695312,3307.541015625,632.742065429688,182.094909667969,3581.43627929688
2022-09-27,57107.51953125,2705.00805664062,737.403076171875,734.025756835938,8517.4619140625,785.899230957031,6094.8828125,129.860534667969,142.972763061523,1137.28881835938,3276.67065429688,624.1689453125,183.663299560547,3549.46020507812
2022-09-28,56598.28125,2721.76538085938,738.1787109375,713.168701171875,8462.6552734375,789.79345703125,6070.9384765625,131.698501586914,142.208938598633,1114.873046875,3280.32739257812,603.985534667969,183.594116210938,3540.88012695312
2022-09-29,56409.9609375,2685.92163085938,742.056701660156,715.45849609375,8370.1748046875,789.665100097656,6071.037109375,132.142120361328,143.511978149414,1116.48474121094,3217.84643554688,605.847106933594,181.495223999023,3463.95874023438
2022-09-30,57426.921875,2692.41845703125,775.359008789062,730.242614746094,8566.880859375,798.138061523438,6145.771484375,134.455429077148,143.556884765625,1158.67895507812,3264.82275390625,619.025146484375,181.887329101562,3443.00732421875
2022-10-03,56788.80859375,2675.48193359375,778.946228027344,719.739501953125,8295.8515625,796.512023925781,6128.31640625,133.568161010742,144.140975952148,1129.18188476562,3260.33325195312,611.088989257812,181.979598999023,3149.83764648438
2022-10-04,58065.46875,2771.18481445312,784.0361328125,739.650634765625,8434.740234375,809.392700195312,6199.85595703125,132.142120361328,145.983215332031,1190.81274414062,3317.76928710938,630.194702148438,187.099899291992,3230.89965820312
2022-10-06,58222.1015625,2782.11791992188,764.161315917969,751.84619140625,8449.109375,825.440307617188,6180.43408203125,130.747833251953,146.252807617188,1172.74353027344,3327.58081054688,661.253723144531,189.22184753418,3278.28955078125
2022-10-07,58191.2890625,2746.49755859375,769.202697753906,752.543090820312,8527.462890625,819.406372070312,6099.947265625,132.649169921875,147.645690917969,1185.14782714844,3333.92138671875,652.729675292969,188.253143310547,3269.9091796875
2022-10-10,57991.109375,2796.90307617188,768.087829589844,773.300476074219,8607.66015625,823.685668945312,6049.99365234375,132.427337646484,147.241302490234,1182.07116699219,3350.2587890625,652.827575683594,189.70622253418,3239.87866210938
2022-10-11,57147.3203125,2750.08178710938,756.259826660156,782.210876464844,8429.400390625,803.316162109375,5975.16064453125,132.015380859375,144.68017578125,1137.28881835938,3265.56298828125,629.459838867188,186.500213623047,3265.76879882812
2022-10-12,57625.91015625,2778.57788085938,751.751708984375,804.809997558594,8433.1865234375,814.485107421875,6074.03564453125,136.641952514648,148.184860229492,1159.65563964844,3354.70239257812,637.739013671875,188.091674804688,3216.78247070312
2022-10-13,57235.328125,2778.84716796875,745.352966308594,798.687255859375,8393.5244140625,840.503540039062,6079.296875,135.469482421875,148.005157470703,1156.38354492188,3337.16162109375,635.240539550781,174.875671386719,3226.11083984375
2022-10-14,57919.96875,2775.80004882812,742.783874511719,796.795715332031,8366.6318359375,857.963195800781,6085.6884765625,134.708938598633,148.274703979492,1153.69750976562,3303.60717773438,627.206359863281,174.045333862305,3200.56982421875
2022-10-17,58410.98046875,2795.5654296875,742.638366699219,810.733520507812,8473.916015625,851.372924804688,6163.66796875,134.296981811523,151.060501098633,1171.91345214844,3356.5537109375,618.731262207031,173.007446289062,3204.66064453125
2022-10-18,58960.6015625,2824.404296875,759.362243652344,812.276672363281,8545.279296875,864.082580566406,6235.55078125,134.613891601562,150.027053833008,1194.7197265625,3341.65087890625,623.973083496094,174.96794128418,3277.39184570312
2022-10-19,59107.19140625,2803.74072265625,759.459228515625,825.965637207031,8468.138671875,860.452087402344,6291.01123046875,135.532852172852,147.376068115234,1189.98254394531,3382.7490234375,613.195495605469,174.368255615234,3269.41015625
2022-10-20,59202.8984375,2834.37670898438,768.766418457031,822.530944824219,8456.294921875,879.512817382812,6196.75830078125,137.877792358398,149.892272949219,1133.96801757812,3421.02416992188,615.791870117188,175.959716796875,3349.5244140625
2022-10-21,59307.1484375,2820.49609375,773.080749511719,896.252136230469,8446.779296875,887.681518554688,6256.84033203125,137.497543334961,148.31965637207,1115.50793457031,3396.35620117188,609.423278808594,176.490203857422,3303.28149414062
2022-10-24,59831.66015625,2840.75561523438,777.831237792969,905.062744140625,8511.3447265625,892.003662109375,6286.53759765625,138.606658935547,149.98210144043,1119.61022949219,3424.86572265625,616.477783203125,177.481979370117,3301.9345703125
2022-10-25,59543.9609375,2840.62133789062,777.782775878906,898.890380859375,8742.51953125,888.027282714844,6309.2529296875,138.448196411133,152.00407409668,1110.33142089844,3382.00854492188,631.370422363281,177.366653442383,3292.35717773438
2022-10-27,59756.83984375,2835.54443359375,791.986083984375,911.185485839844,8782.9091796875,891.960388183594,6327.73974609375,141.87060546875,153.307098388672,1115.65441894531,3357.8955078125,665.711791992188,176.490203857422,3317.19921875
2022-10-28,59959.8515625,2841.654296875,791.889099121094,898.989868164062,9217.9248046875,889.972412109375,6336.78662109375,143.676834106445,156.49723815918,1120.8798828125,3395.7080078125,656.69775390625,176.859237670898,3317.94750976562
2022-10-31,60746.58984375,2868.69677734375,806.625549316406,901.827209472656,9248.4609375,900.388610839844,6601.55224609375,144.564163208008,155.553665161133,1116.09411621094,3396.40234375,660.469848632812,178.243103027344,3338.599609375
2022-11-01,61121.3515625,2928.48608398438,809.873291015625,867.878662109375,9180.302734375,916.03466796875,6698.904296875,149.000564575195,163.326843261719,1124.64025878906,3454.90283203125,672.423156738281,181.033920288086,3567.31860351562
2022-11-02,60906.08984375,2913.34790039062,785.199523925781,859.366638183594,8959.8095703125,903.025146484375,6668.71533203125,147.828094482422,162.473159790039,1111.94287109375,3458.8828125,670.610595703125,181.702789306641,3569.712890625
2022-11-03,60836.41015625,2881.3642578125,793.440307617188,860.11328125,8967.6728515625,903.15478515625,6615.51611328125,144.532455444336,160.091766357422,1121.41711425781,3492.39111328125,666.691528320312,179.280990600586,3582.78295898438
2022-11-04,60950.359375,2889.58447265625,791.501281738281,863.398559570312,8958.158203125,904.01904296875,6777.67041015625,143.328277587891,158.923538208008,1125.86120605469,3490.63256835938,687.315856933594,180.203598022461,3823.47436523438
2022-11-07,61185.1484375,2905.71166992188,797.657592773438,869.023559570312,9049.91015625,905.099792480469,6856.23974609375,144.500778198242,157.890090942383,1117.75451660156,3489.42895507812,695.888977050781,180.572631835938,3951.97583007812
2022-11-09,61033.55078125,2889.27001953125,792.713134765625,870.467041015625,8979.8095703125,910.156799316406,6789.814453125,138.638336181641,155.8681640625,1122.68688964844,3459.90112304688,692.165771484375,180.341995239258,3987.89233398438
2022-11-10,60613.69921875,2880.33129882812,800.129821777344,839.654602050781,8821.7451171875,910.027038574219,6688.23486328125,136.03987121582,154.655044555664,1101.49206542969,3445.78515625,686.923828125,179.373275756836,3983.65209960938
2022-11-11,61795.0390625,2979.24731445312,801.244812011719,847.171081542969,8823.9306640625,942.443176269531,6698.60888671875,135.659606933594,154.070907592773,1113.16381835938,3449.34887695312,704.315002441406,184.401351928711,3999.41577148438
2022-11-14,61624.1484375,2995.37353515625,796.591125488281,847.469665527344,8886.166015625,949.574645996094,6740.64697265625,137.087249755859,153.891204833984,1125.81237792969,3447.59033203125,704.951904296875,182.925216674805,4011.73706054688
2022-11-15,61872.98828125,2994.11547851562,809.630920410156,854.588012695312,8892.57421875,953.93994140625,6845.4716796875,140.104797363281,154.520217895508,1124.88439941406,3483.78271484375,707.597351074219,183.20198059082,4048.15258789062
2022-11-16,61980.71875,3013.34228515625,815.302551269531,850.854614257812,8869.3193359375,955.452758789062,6793.796875,140.948379516602,152.678009033203,1117.21716308594,3468.37060546875,693.635437011719,183.663299560547,3947.28637695312
2022-11-17,61750.6015625,3010.96142578125,820.247009277344,853.691955566406,8724.4599609375,944.690490722656,6750.9228515625,141.727127075195,151.150329589844,1118.87768554688,3419.82080078125,694.272277832031,182.994415283203,4008.3447265625
2022-11-18,61663.48046875,3002.33666992188,811.473022460938,855.434204101562,8587.6591796875,951.995056152344,6698.8544921875,141.629776000977,148.858840942383,1101.8828125,3361.181640625,694.125366210938,181.748916625977,4010.5400390625
2022-11-21,61144.83984375,2948.88061523438,825.239990234375,865.837768554688,8603.8232421875,947.283874511719,6638.4775390625,142.084030151367,147.780471801758,1112.96838378906,3351.09228515625,682.123046875,179.211822509766,3991.83349609375
2022-11-22,61418.9609375,2977.5849609375,821.3134765625,866.186218261719,8612.5146484375,954.156005859375,6730.12548828125,141.370208740234,150.071990966797,1142.31896972656,3350.02758789062,694.027282714844,179.373275756836,4026.25341796875
2022-11-23,61510.578125,2974.1259765625,816.902160644531,870.964904785156,8676.3515625,952.945861816406,6708.4423828125,139.618072509766,150.970626831055,1146.12805175781,3339.52172851562,705.637756347656,179.257949829102,3894.60888671875
2022-11-24,62272.6796875,3035.30834960938,822.379943847656,875.096435546875,8691.546875,977.58203125,6750.52978515625,143.187225341797,152.18376159668,1146.86059570312,3350.99951171875,711.173461914062,183.617156982422,3912.91625976562
2022-11-25,62293.640625,3044.60668945312,820.974060058594,883.708129882812,8754.3154296875,974.945617675781,6759.1337890625,143.122314453125,152.588180541992,1160.43701171875,3367.291015625,711.271545410156,185.73908996582,3894.3095703125
2022-11-28,62504.80078125,3052.28857421875,811.909240722656,887.441345214844,8742.95703125,967.29541015625,6776.93310546875,143.706359863281,153.037490844727,1170.0576171875,3401.77099609375,700.934814453125,187.146041870117,3876.25146484375
2022-11-29,62681.83984375,3052.01904296875,810.212646484375,887.889404296875,8652.126953125,975.161560058594,6811.54638671875,142.311187744141,152.992553710938,1152.52551269531,3385.15600585938,717.640075683594,186.915390014648,3870.21557617188
2022-11-30,63099.6484375,3047.79663085938,822.767761230469,897.496520996094,8715.8193359375,968.808044433594,6958.90087890625,145.36116027832,154.789810180664,1140.17016601562,3471.42504882812,728.564636230469,187.722671508789,3910.97094726562
2022-12-01,63284.19140625,3122.095703125,822.137512207031,898.989868164062,8695.8671875,982.034118652344,7157.8818359375,143.998397827148,154.744888305664,1145.98168945312,3431.76147460938,731.014038085938,190.790252685547,3905.83276367188
2022-12-02,62868.5,3089.88745117188,822.961608886719,900.781799316406,8558.6767578125,980.823669433594,7117.22021484375,142.570739746094,154.699951171875,1150.962890625,3387.099609375,727.584838867188,190.213638305664,3912.36743164062
2022-12-05,62834.6015625,3077.08471679688,818.162536621094,895.306274414062,8537.99609375,977.798278808594,7076.55810546875,143.933486938477,157.261077880859,1166.88317871094,3387.65502929688,741.252746582031,190.213638305664,3920.44921875
2022-12-06,62626.359375,3040.56420898438,807.788879394531,900.582763671875,8462.1689453125,968.89453125,7124.8896484375,145.004241943359,157.530670166016,1156.48132324219,3416.95141601562,731.356994628906,189.683135986328,4021.6640625
2022-12-07,62410.6796875,3037.1953125,808.952331542969,910.637939453125,8403.9140625,955.539184570312,7044.99267578125,143.544128417969,154.38542175293,1137.53308105469,3364.46752929688,723.518737792969,187.49201965332,3989.03955078125
2022-12-08,62570.6796875,3009.97290039062,807.643432617188,935.278015136719,8429.69140625,951.951843261719,7055.26904296875,141.305313110352,153.082412719727,1163.85546875,3366.64282226562,729.838256835938,186.223449707031,4016.2265625
2022-12-09,62181.671875,2958.17919921875,809.533996582031,929.553527832031,8364.203125,888.027282714844,6967.8984375,140.915969848633,152.228698730469,1174.06225585938,3348.82470703125,725.8701171875,181.77197265625,3986.54516601562
2022-12-12,62130.5703125,2950.85717773438,802.650573730469,934.6806640625,8407.2646484375,888.891723632812,7023.60498046875,139.877655029297,151.779418945312,1177.67590332031,3332.6259765625,725.478332519531,182.648452758789,4007.29736328125
2022-12-13,62533.30078125,2993.44189453125,812.539428710938,940.405090332031,8370.9033203125,903.111572265625,7102.71533203125,140.364349365234,152.048980712891,1206.68432617188,3364.42138671875,729.544372558594,183.4326171875,4049.44921875
2022-12-14,62677.91015625,3022.90991210938,803.620056152344,938.115295410156,8390.322265625,912.793212890625,7077.0009765625,142.14892578125,154.520217895508,1224.02124023438,3381.17553710938,742.624450683594,184.493606567383,4047.00463867188
2022-12-15,61799.03125,2968.87084960938,800.905395507812,934.232727050781,8334.2998046875,900.993835449219,6989.7294921875,140.299453735352,154.610092163086,1210.34704589844,3348.77807617188,728.2216796875,182.371673583984,4033.68627929688
2022-12-16,61337.80859375,2909.169921875,796.978942871094,930.997131347656,8237.83984375,890.490905761719,6902.5556640625,138.417556762695,152.453369140625,1200.18933105469,3284.30712890625,727.927734375,179.765365600586,3969.88403320312
2022-12-19,61806.19140625,2876.37817382812,814.187622070312,941.998046875,8357.8447265625,893.170654296875,6955.75439453125,141.986724853516,154.070907592773,1194.18249511719,3358.49731445312,734.149353027344,179.442474365234,4071.84765625
2022-12-20,61702.2890625,2913.48291015625,802.311218261719,945.830932617188,8274.2978515625,890.231506347656,6972.17626953125,140.915969848633,152.498275756836,1201.166015625,3333.69018554688,730.916076660156,179.373275756836,4154.60546875
2022-12-21,61067.23828125,2935.26977539062,788.932067871094,928.209533691406,8105.455078125,899.178344726562,6835.19580078125,140.202133178711,151.015548706055,1173.81799316406,3341.974609375,727.731811523438,179.742309570312,3893.91040039062
2022-12-22,60826.21875,2927.677734375,791.986083984375,915.068115234375,8096.8154296875,897.838623046875,6892.57421875,139.455841064453,148.903762817383,1152.62316894531,3331.28344726562,722.44091796875,179.304092407227,3858.14404296875
2022-12-23,59845.2890625,2899.46728515625,783.648315429688,902.573913574219,7906.41943359375,891.009521484375,6792.1748046875,136.98991394043,146.612228393555,1120.78234863281,3279.81787109375,712.7412109375,174.206817626953,3632.51733398438
2022-12-26,60566.421875,2925.11743164062,786.459838867188,924.62548828125,8012.73388671875,891.441772460938,6956.54052734375,137.411697387695,148.768981933594,1167.37158203125,3289.25927734375,717.738037109375,175.567626953125,3707.04418945312
2022-12-27,60927.4296875,2927.99194335938,789.901550292969,928.408630371094,8059.28857421875,895.936706542969,6988.1064453125,137.930862426758,148.31965637207,1174.40405273438,3322.44384765625,749.18896484375,178.358444213867,3760.91918945312
2022-12-28,60910.28125,2925.52172851562,778.946228027344,920.842346191406,8182.54638671875,894.985900878906,6929.89208984375,139.94255065918,148.903762817383,1185.88037109375,3312.86352539062,745.710754394531,178.958114624023,3788.15600585938
2022-12-29,61133.87890625,2937.15625,794.458251953125,930.847778320312,8192.6923828125,902.895324707031,6870.25244140625,140.039916992188,149.757461547852,1202.28918457031,3305.41186523438,753.94091796875,180.203598022461,3801.17553710938
2022-12-30,60840.73828125,2928.17163085938,782.09716796875,929.702819824219,8158.22509765625,898.14111328125,6843.16064453125,138.774459838867,149.487899780273,1193.05932617188,3347.01928710938,752.373229980469,181.195388793945,3850.41137695312
2023-01-02,61167.7890625,2929.42919921875,788.78662109375,937.269104003906,8162.10888671875,898.314025878906,6893.50830078125,139.58561706543,150.970626831055,1198.13818359375,3310.68798828125,759.133728027344,181.333755493164,3831.8046875
2023-01-03,61294.19921875,2974.5302734375,792.664611816406,958.375,8142.3505859375,899.999633789062,6880.1845703125,139.910125732422,150.52131652832,1211.86108398438,3335.91162109375,752.520263671875,183.132797241211,3821.47875976562
2023-01-04,60657.44921875,2977.40551757812,786.653747558594,953.148315429688,8177.01220703125,895.634399414062,6887.06787109375,136.98991394043,149.667617797852,1194.28015136719,3288.4267578125,721.167236328125,179.788436889648,3818.68505859375
2023-01-05,60353.26953125,2974.08129882812,782.242431640625,945.283386230469,8213.7607421875,902.290344238281,6894,135.497360229492,152.633102416992,1187.63854980469,3356.59985351562,735.374084472656,178.496810913086,3820.2314453125
2023-01-06,59900.37109375,2885.72216796875,772.305114746094,935.775756835938,8141.04052734375,892.781677246094,6866.36767578125,135.107971191406,151.869262695312,1154.28369140625,3369.00341796875,714.11279296875,176.282623291016,3815.49243164062
2023-01-09,60747.30859375,2982.48120117188,794.312805175781,954.641662597656,8134.0498046875,922.863830566406,6919.22314453125,135.692047119141,153.082412719727,1190.47094726562,3351.0458984375,727.437866210938,180.687973022461,3845.2734375
2023-01-10,60115.48046875,2952.38403320312,768.66943359375,947.672729492188,8051.91064453125,920.659484863281,6809.03857421875,137.444152832031,150.835845947266,1198.96850585938,3312.30786132812,729.838256835938,181.310684204102,3638.75268554688
2023-01-11,60105.5,2990.70190429688,742.056701660156,945.781188964844,8043.7060546875,911.799133300781,6906.5869140625,137.703735351562,149.173370361328,1185.00134277344,3274.03295898438,738.852294921875,181.725875854492,3626.78051757812
2023-01-12,59958.03125,2995.86791992188,733.767395019531,931.196166992188,8122.544921875,926.580627441406,7031.52099609375,138.612228393555,149.038558959961,1181.14343261719,3305.73608398438,747.915283203125,181.956512451172,3636.90747070312
2023-01-13,60261.1796875,3031.44482421875,741.087219238281,930.051330566406,8206.771484375,931.810363769531,7129.6591796875,138.806945800781,150.790924072266,1204.73095703125,3336.51342773438,753.010192871094,181.587463378906,3712.78100585938
2023-01-16,60092.96875,3063.78784179688,735.754943847656,909.045043945312,8140.6513671875,945.598205566406,7166.09228515625,139.94255065918,149.038558959961,1210.34704589844,3320.8701171875,743.898132324219,183.893920898438,3610.6181640625
2023-01-17,60655.71875,3104.63110351562,742.589965820312,913.624633789062,8226.48046875,960.3798828125,7250.95458984375,141.727127075195,150.611175537109,1201.60546875,3338.36499023438,741.791625976562,182.740692138672,3630.42260742188
2023-01-18,61045.73828125,3115.38134765625,753.157470703125,919.99609375,8248.9091796875,963.0166015625,7163.68310546875,142.343597412109,152.18376159668,1194.03601074219,3340.86376953125,751.148559570312,185.992828369141,3587.02319335938
2023-01-19,60858.4296875,3098.70434570312,748.358459472656,924.326843261719,8255.509765625,969.383972167969,7092.24267578125,143.25212097168,151.375,1171.52270507812,3308.88305664062,744.339050292969,186.06201171875,3453.58276367188
2023-01-20,60621.76953125,3088.8271484375,741.087219238281,926.56689453125,8197.9833984375,966.243835449219,7058.71044921875,144.842010498047,151.599670410156,1174.30651855469,3307.3095703125,725.968200683594,185.969757080078,3448.39477539062
2023-01-23,60941.671875,3136.92822265625,749.134094238281,929.205078125,8178.12939453125,977.932067871094,6732.87841796875,145.977630615234,149.757461547852,1176.30859375,3354.47094726562,718.815795898438,187.676528930664,3426.54565429688
2023-01-24,60978.75,3157.0048828125,751.8486328125,906.008483886719,8445.5654296875,992.324340820312,6702.05029296875,143.381896972656,148.948699951172,1184.12231445312,3411.21264648438,707.205444335938,187.861480712891,3434.77661132812
2023-01-25,60205.05859375,3153.05395507812,752.575805664062,887.740051269531,8526.2978515625,979.589294433594,6592.70263671875,142.343597412109,149.12841796875,1129.27966308594,3440.9716796875,710.095825195312,185.618728637695,3381.99877929688
2023-01-27,59330.8984375,3133.62036132812,750.830749511719,869.372009277344,8480.7607421875,972.916564941406,6604.994140625,142.213821411133,149.442947387695,1090.60180664062,3644.89013671875,706.862487792969,184.046478271484,2755.75244140625
2023-01-30,59500.41015625,3156.59155273438,746.855651855469,867.828857421875,8562.0751953125,989.794677734375,6770.541015625,137.411697387695,151.734466552734,1062.71655273438,3555.51977539062,687.805725097656,186.081130981445,2871.8330078125
2023-01-31,59549.8984375,3084.96704101562,746.758728027344,867.779113769531,8632.66015625,979.589294433594,6971.04541015625,140.396835327148,153.801315307617,1058.3701171875,3534.83178710938,702.159545898438,184.416397094727,2968.10961914062
2023-02-01,59708.078125,3131.09350585938,744.916687011719,853.343444824219,8506.2001953125,987.221801757812,7010.083984375,140.559020996094,152.767868041992,1017.34796142578,3525.06591796875,715.043579101562,186.150512695312,2123.76953125
2023-02-02,59932.23828125,3180.98657226562,753.787658691406,864.59326171875,8610.6708984375,1001.046875,7052.61376953125,138.093109130859,149.757461547852,1050.36096191406,3508.35815429688,712.59423828125,189.179412841797,1561.07604980469
2023-02-03,60841.87890625,3199.271484375,768.863403320312,878.829772949219,8682.953125,999.433227539062,7065.7412109375,139.423431396484,152.616119384766,1077.80676269531,3565.84057617188,717.493103027344,188.578247070312,1580.53088378906
2023-02-06,60506.8984375,3179.19482421875,765.324768066406,878.630676269531,8648.6796875,999.9130859375,7006.396484375,140.883529663086,152.892776489258,1103.05480957031,3561.5361328125,696.525756835938,187.144729614258,1568.75817871094
2023-02-07,60286.0390625,3188.98046875,761.398193359375,875.046691894531,8499.5009765625,983.994262695312,6955.31201171875,140.721298217773,152.385589599609,1116.48474121094,3588.42602539062,700.004028320312,185.11003112793,1798.32543945312
2023-02-08,60663.7890625,3233.13134765625,751.460815429688,868.22705078125,8574.50390625,998.735473632812,7127.05322265625,140.820907592773,152.477844238281,1118.97534179688,3590.60131835938,716.905212402344,188.023361206055,2153.65014648438
2023-02-09,60806.21875,3253.75903320312,743.171630859375,863.995910644531,8546.0546875,999.869506835938,7055.61328125,141.319107055664,153.077239990234,1135.92138671875,3560.51806640625,709.556884765625,188.670745849609,1922.83642578125
2023-02-10,60682.69921875,3248.52124023438,747.049621582031,863.299072265625,8557.8515625,972.000854492188,7075.8701171875,142.049774169922,152.201171875,1134.21203613281,3547.14282226562,704.364074707031,187.584045410156,1843.07141113281
2023-02-13,60431.83984375,3200.09838867188,744.48046875,855.035888671875,8553.19140625,971.084899902344,7059.939453125,143.345077514648,154.783218383789,1130.59826660156,3594.81323242188,703.53125,185.410629272461,1713.57202148438
2023-02-14,61032.26171875,3215.16772460938,751.703186035156,866.186218261719,8519.3544921875,980.592346191406,7018.83642578125,142.813659667969,153.077239990234,1129.96337890625,3586.482421875,709.018005371094,187.260345458984,1746.24621582031
2023-02-15,61275.08984375,3233.31518554688,761.010437011719,863.946105957031,8588.2412109375,988.311828613281,7029.6533203125,142.514755249023,152.708374023438,1122.93103027344,3615.73217773438,711.320434570312,188.416412353516,1774.33093261719
2023-02-16,61319.51171875,3265.52001953125,760.961975097656,861.307922363281,8547.75390625,983.296569824219,7050.49951171875,142.514755249023,154.368225097656,1121.7099609375,3615.08471679688,713.035095214844,189.572509765625,1792.1396484375
2023-02-17,61002.5703125,3215.626953125,752.769714355469,850.804870605469,8550.8603515625,968.206420898438,7177.84326171875,141.983352661133,155.152084350586,1088.45300292969,3604.34716796875,712.888061523438,187.838363647461,1717.76220703125
2023-02-20,60691.5390625,3203.17700195312,755.338806152344,842.79052734375,8437.5546875,972.742065429688,7303.12158203125,143.278625488281,154.737106323242,1082.9833984375,3610.50268554688,708.087219238281,188.185211181641,1615.79895019531
2023-02-21,60672.71875,3169.455078125,755.338806152344,840.301696777344,8416.4384765625,964.324829101562,7221.7001953125,144.175384521484,159.716720581055,1076.39050292969,3550.84521484375,706.225646972656,186.242980957031,1564.767578125
2023-02-22,59744.98046875,3124.57006835938,748.988586425781,829.450134277344,8403.0400390625,952.898132324219,7086.490234375,142.514755249023,157.04248046875,1067.30700683594,3554.50170898438,685.84619140625,182.751678466797,1401.59631347656
2023-02-23,59605.80078125,3137.0205078125,739.293579101562,841.396850585938,8490.6650390625,954.904541015625,7055.5146484375,141.651214599609,156.39697265625,1050.11682128906,3548.39233398438,687.070922851562,182.173645019531,1380.3955078125
2023-02-24,59463.9296875,3124.11083984375,734.106750488281,847.2705078125,8407.6025390625,954.861022949219,7095.9794921875,142.813659667969,157.687973022461,1053.486328125,3564.31323242188,671.247436523438,181.873046875,1311.70495605469
2023-02-27,59288.3515625,3061.44506835938,729.889404296875,850.605712890625,8382.9912109375,945.353393554688,7067.7578125,145.703125,158.932891845703,1057.49096679688,3370.02172851562,666.642517089844,180.485748291016,1191.43395996094
2023-02-28,58962.12109375,3045.18212890625,720.291381835938,840.052795410156,8374.8828125,939.90185546875,7142.09814453125,147.629470825195,157.273010253906,1052.75390625,3388.67333984375,653.611328125,178.982849121094,1360.89086914062
2023-03-01,59411.078125,3111.06298828125,727.320251464844,861.407470703125,8508.6748046875,960.530517578125,7151.83349609375,145.371017456055,158.610137939453,1074.72998046875,3445.69262695312,663.115234375,180.809448242188,1560.92651367188
2023-03-02,58909.3515625,3051.61376953125,717.625183105469,841.645812988281,8302.3564453125,965.197082519531,7168.55078125,146.267776489258,157.319122314453,1076.634765625,3439.39819335938,661.15576171875,179.445281982422,1602.97863769531
2023-03-03,59808.96875,3071.46069335938,741.281066894531,849.261657714844,8346.5322265625,976.1875,7093.7177734375,147.496612548828,159.117324829102,1100.07580566406,3456.19848632812,669.140930175781,180.555114746094,1874.99719238281
2023-03-06,60224.4609375,3097.87744140625,743.123107910156,855.63330078125,8379.5927734375,982.598510742188,7080.9345703125,150.817855834961,163.082550048828,1095.0458984375,3446.9423828125,660.518859863281,182.081146240234,1978.25756835938
2023-03-08,60348.08984375,3114.60009765625,743.074645996094,856.62890625,8440.6142578125,977.583129882812,7144.65478515625,151.415679931641,164.880767822266,1147.05603027344,3526.9638671875,661.939514160156,181.50309753418,2034.92602539062
2023-03-09,59806.28125,3066.5908203125,750.248962402344,864.344421386719,8293.91015625,974.268493652344,7125.03759765625,150.020767211914,165.48014831543,1142.41650390625,3531.26782226562,665.760681152344,180.416397094727,1948.57653808594
2023-03-10,59135.12890625,3060.71044921875,750.103515625,847.967468261719,8347.9404296875,974.224975585938,7104.78076171875,150.485778808594,166.725051879883,1118.82885742188,3537.79370117188,666.250549316406,179.907730102539,1892.0576171875
2023-03-13,58237.8515625,3016.00805664062,742.39599609375,828.554016113281,8269.8310546875,958.393615722656,6955.2138671875,150.186813354492,165.664581298828,1035.31958007812,3497.52856445312,661.988586425781,178.566680908203,1869.26062011719
2023-03-14,57900.19140625,2955.77856445312,748.309936523438,829.1015625,8267.79296875,945.571350097656,6940.119140625,149.522567749023,164.050811767578,1039.17749023438,3474.2021484375,658.755249023438,175.445297241211,1733.72534179688
2023-03-15,57555.8984375,2939.14697265625,733.331176757812,820.042053222656,8225.6064453125,941.776977539062,6984.27099609375,151.681396484375,164.465805053711,1019.93627929688,3449.99682617188,665.662719726562,173.826797485352,1834.54125976562
2023-03-16,57634.83984375,2926.283203125,723.054443359375,827.160278320312,8190.41064453125,935.147705078125,6990.4169921875,154.105926513672,165.618515014648,993.613708496094,3517.38330078125,649.251403808594,172.416381835938,1838.33251953125
2023-03-17,57989.8984375,2920.9541015625,734.1552734375,833.830444335938,8068.998046875,966.679992675781,7167.3212890625,152.710998535156,163.543640136719,996.6416015625,3536.49755859375,662.527404785156,174.081146240234,1872.80236816406
2023-03-20,57628.94921875,2886.267578125,731.683044433594,833.482055664062,7979.77099609375,952.069580078125,7119.875,151.116790771484,162.206497192383,979.011779785156,3519.095703125,655.179077148438,169.803680419922,1800.91918945312
2023-03-21,58074.6796875,2853.83227539062,733.573547363281,851.352416992188,7988.89794921875,945.52783203125,7228.927734375,148.094451904297,163.451431274414,997.960205078125,3615.96362304688,651.65185546875,169.456848144531,1820.02502441406
2023-03-22,58214.58984375,2876.61987304688,732.022338867188,845.727478027344,8011.66650390625,943.085266113281,7266.24609375,148.891571044922,161.007720947266,1007.23895263672,3630.91333007812,648.663513183594,169.456848144531,1809.99816894531
2023-03-23,57925.28125,2870.4638671875,739.293579101562,844.980773925781,8097.0576171875,929.870727539062,7288.2734375,147.496612548828,160.961639404297,994.395141601562,3573.89379882812,654.003356933594,167.190948486328,1788.4482421875
2023-03-24,57527.1015625,2868.12084960938,739.002746582031,836.767395019531,7996.66552734375,917.222961425781,7278.09521484375,147.762329101562,159.255630493164,986.679077148438,3541.17211914062,644.009582519531,167.190948486328,1736.51879882812
2023-03-27,57653.859375,2866.880859375,738.614929199219,829.2509765625,8034.19140625,919.098205566406,7327.8525390625,146.20133972168,157.826278686523,988.827880859375,3523.49243164062,645.773193359375,167.098480224609,1719.30883789062
2023-03-28,57613.71875,2862.6533203125,725.332824707031,829.649169921875,7965.88720703125,907.497314453125,7282.962890625,147.596252441406,158.564010620117,1011.87829589844,3510.1630859375,646.165100097656,164.763214111328,1597.84069824219
2023-03-29,57960.08984375,2883.41943359375,720.776062011719,839.25634765625,8048.220703125,930.612060546875,7443.93701171875,147.762329101562,160.500534057617,1032.34045410156,3591.34204101562,665.466796875,165.942398071289,1737.6162109375
2023-03-31,58991.51953125,2945.625,726.156860351562,854.6376953125,8051.42529296875,947.446594238281,7493.10400390625,149.921112060547,161.60710144043,1043.27978515625,3595.04467773438,674.137756347656,168.925048828125,1745.94689941406
2023-04-03,59106.44140625,2939.6064453125,737.5,860.611083984375,8254.6845703125,958.088195800781,7512.08251953125,149.190444946289,163.866394042969,1054.02368164062,3696.81860351562,668.406127929688,170.081115722656,1713.57202148438
2023-04-05,59689.30859375,2974.109375,739.923767089844,856.927551269531,8207.4013671875,969.078796386719,7563.31494140625,149.887939453125,162.206497192383,1040.74035644531,3725.05029296875,672.766174316406,170.959747314453,1693.96765136719
2023-04-06,59832.96875,2960.234375,742.735290527344,848.017272949219,8266.67578125,952.287658691406,7572.85400390625,149.555801391602,161.468795776367,1056.56311035156,3732.96484375,668.993896484375,169.572463989258,1748.89013671875
2023-04-10,59846.51171875,2998.3671875,745.934692382812,843.288391113281,8285.8515625,962.187927246094,7565.3310546875,152.113159179688,163.774169921875,1044.50073242188,3759.99340820312,674.823669433594,172.601379394531,1793.13745117188
2023-04-11,60157.71875,2953.38940429688,750.685241699219,849.460876464844,8404.8369140625,948.100891113281,7612.67919921875,153.607727050781,164.18913269043,1048.89599609375,3866.58081054688,699.220153808594,171.237213134766,1798.12573242188
2023-04-12,60392.76953125,2978.9794921875,747.63134765625,847.071472167969,8373.0400390625,954.861022949219,7555.546875,150.91748046875,162.160415649414,1050.01916503906,3966.87353515625,703.629211425781,172.092697143555,1843.02160644531
2023-04-13,60431,2930.9697265625,743.171630859375,860.760375976562,8420.4677734375,934.929748535156,7524.423828125,153.541275024414,159.532287597656,1083.08093261719,3969.8818359375,705.735778808594,170.28923034668,1865.71875
2023-04-17,59910.75,2884.79760742188,736.482055664062,860.561340332031,8425.37109375,909.503479003906,7608.00830078125,157.061813354492,156.304733276367,1097.92700195312,3932.810546875,706.715576171875,167.214065551758,1874.94750976562
2023-04-18,59727.01171875,2877.17138671875,735.900329589844,860.262634277344,8480.712890625,927.646301269531,7466.99658203125,152.943450927734,156.719711303711,1120.14733886719,3896.94140625,704.658020019531,169.942413330078,1846.21423339844
2023-04-19,59567.80078125,2838.02880859375,741.571960449219,869.2724609375,8427.798828125,905.40380859375,7391.966796875,152.777404785156,154.045486450195,1093.87377929688,3947.38940429688,707.352355957031,166.844116210938,1848.95788574219
2023-04-20,59632.3515625,2852.50073242188,748.940185546875,864.941711425781,8466.634765625,905.011352539062,7348.9453125,153.308822631836,156.350845336914,1099.83178710938,3994.04125976562,700.885803222656,167.792129516602,1838.58190917969
2023-04-21,59655.05859375,2905.05786132812,741.814331054688,859.914184570312,8308.8603515625,914.911437988281,7239.25341796875,153.74055480957,156.304733276367,1089.91809082031,3988.6728515625,697.015686035156,170.173629760742,1798.17553710938
2023-04-24,60056.1015625,2916.54345703125,736.966796875,878.531127929688,8216.9150390625,919.272766113281,7317.5771484375,154.006271362305,157.503555297852,1076.39050292969,4013.29516601562,705.882751464844,174.751647949219,1798.12573242188
2023-04-25,60130.7109375,2917.60083007812,748.794677734375,874.449279785156,8234.5869140625,919.185607910156,7314.0859375,154.604095458984,157.687973022461,1095.38757324219,4020.14453125,709.899780273438,173.688079833984,1841.17578125
2023-04-26,60300.578125,2940.0205078125,750.152038574219,883.857299804688,8255.80078125,929.347351074219,7331.88427734375,158.456741333008,156.581390380859,1111.69873046875,3975.3896484375,709.262939453125,173.179382324219,1843.71997070312
2023-04-27,60649.37890625,2928.44287109375,762.319213867188,877.137390136719,8293.2783203125,934.188415527344,7376.33203125,156.66325378418,157.457443237305,1118.48693847656,4079.57006835938,717.101135253906,173.11003112793,1848.35925292969
2023-04-28,61112.44140625,2954.99731445312,774.632019042969,856.180786132812,8340.029296875,943.63671875,7428.79345703125,157.294326782227,158.195175170898,1125.22644042969,4100.0732421875,710.634643554688,178.104248046875,1919.44409179688
2023-05-02,61354.7109375,2957.9375,766.051818847656,866.684020996094,8518.578125,946.076538085938,7331.88427734375,159.453125,162.252639770508,1124.34741210938,4164.59033203125,722.783874511719,179.584030151367,1915.60302734375
2023-05-03,61193.30078125,2922.19506835938,755.53271484375,856.081359863281,8542.2685546875,939.733093261719,7376.13427734375,159.154205322266,162.437042236328,1118.68225097656,4114.69873046875,718.227905273438,178.127395629883,1834.29187011719
2023-05-04,61749.25,2958.994140625,764.888427734375,861.9052734375,8544.939453125,946.076538085938,7378.888671875,158.523193359375,162.483139038086,1107.69421386719,4127.10205078125,723.371765136719,177.43376159668,1904.87805175781
2023-05-05,61054.2890625,2968.64233398438,763.57958984375,861.108825683594,8667.4677734375,936.361938476562,7500.47900390625,160.050933837891,160.638854980469,1049.04235839844,4127.70361328125,719.060729980469,175.49153137207,1916.60083007812
2023-05-08,61764.25,2986.1923828125,769.784423828125,874.847595214844,8812.763671875,954.06103515625,7599.0107421875,162.575088500977,163.266998291016,1100.61303710938,4202.91162109375,717.738037109375,175.907730102539,1883.27819824219
2023-05-09,61761.328125,3017.38647460938,769.784423828125,884.355102539062,8847.2802734375,957.077392578125,7586.32568359375,161.578704833984,162.344848632812,1113.84753417969,4185.2783203125,709.948791503906,176.832595825195,1890.7607421875
2023-05-10,61940.19921875,3019.27001953125,771.771911621094,886.097351074219,8899.1748046875,956.500549316406,7615.1376953125,164.534637451172,163.128677368164,1145.4443359375,4213.0478515625,709.752807617188,177.410598754883,1887.7177734375
2023-05-11,61904.51953125,3015.181640625,764.646179199219,891.672485351562,8992.7236328125,965.416564941406,7703.9833984375,165.132461547852,165.48014831543,1159.89978027344,4207.6328125,696.231811523438,177.803680419922,1980.00354003906
2023-05-12,62027.8984375,3008.06079101562,767.360656738281,906.755310058594,9025.87890625,971.937316894531,7573.34521484375,160.549118041992,161.28434753418,1180.85034179688,4202.26416015625,688.687622070312,177.202529907227,1960.24951171875
2023-05-15,62345.7109375,2989.13208007812,773.613891601562,911.235290527344,8935.5361328125,977.03857421875,7631.75634765625,161.545516967773,162.298751831055,1191.39892578125,4227.02490234375,691.234985351562,178.381729125977,1911.31298828125
2023-05-16,61932.46875,2992.669921875,763.821899414062,913.674377441406,8808.0556640625,967.900817871094,7564.642578125,159.619171142578,163.635864257812,1191.69189453125,4198.51513671875,688.148620605469,178.867263793945,1883.427734375
2023-05-17,61560.640625,2948.65747070312,768.087829589844,910.936645507812,8857.474609375,953.395629882812,7571.083984375,158.523193359375,162.390960693359,1206.8798828125,4193.33154296875,681.437194824219,176.786331176758,1895.2001953125
2023-05-18,61431.73828125,2940.25024414062,775.310546875,910.588195800781,8788.4423828125,958.008850097656,7481.3525390625,156.297958374023,161.376586914062,1210.15185546875,4181.1591796875,677.763000488281,176.948181152344,1883.67712402344
2023-05-19,61729.6796875,2960.28076171875,780.788330078125,920.394409179688,8841.794921875,971.937316894531,7552.3017578125,155.301574707031,159.762817382812,1219.2353515625,4148.623046875,679.036743164062,178.497329711914,1952.36767578125
2023-05-22,61963.6796875,3030.29638671875,777.637329101562,913.425415039062,8891.0205078125,993.096435546875,7585.6865234375,155.666885375977,160.500534057617,1215.86560058594,4185.88037109375,689.275451660156,182.959747314453,2320.1640625
2023-05-23,61981.7890625,3028.22924804688,774.922729492188,911.036071777344,8931.6044921875,982.494689941406,7527.81640625,155.467620849609,160.592742919922,1230.41870117188,4165.33056640625,689.324401855469,183.930862426758,2626.15356445312
2023-05-24,61773.78125,3033.14526367188,776.570922851562,914.869079589844,9000.248046875,987.285400390625,7525.94775390625,156.696502685547,161.238250732422,1242.87182617188,4183.7509765625,681.682189941406,184.786361694336,2471.1630859375
2023-05-25,61872.62109375,3027.35595703125,797.899963378906,916.909912109375,9011.9482421875,990.168762207031,7478.89501953125,158.024978637695,160.869369506836,1234.22790527344,4298.53076171875,682.808898925781,182.28923034668,2530.22631835938
2023-05-26,62501.69140625,3058.82641601562,792.907043457031,922.83349609375,9123.796875,1010.12976074219,7595.17578125,157.593215942383,160.823272705078,1238.671875,4268.12353515625,687.364868164062,185.664962768555,2537.45971679688
2023-05-29,62846.37890625,3050.05151367188,796.251831054688,925.073547363281,9062.4345703125,999.129150390625,7708.654296875,155.799758911133,162.344848632812,1254.73889160156,4274.51025390625,687.854797363281,184.786361694336,2527.73217773438
2023-05-30,62969.12890625,3045.77880859375,793.294860839844,933.436218261719,9108.01953125,1007.55718994141,7767.99853515625,156.165084838867,162.944229125977,1264.65258789062,4250.53564453125,690.451232910156,186.127395629883,2489.62060546875
2023-05-31,62622.23828125,3023.91088867188,831.250854492188,910.637939453125,9085.8330078125,1016.34002685547,7742.5302734375,154.936218261719,160.408325195312,1256.6923828125,4224.109375,682.4169921875,186.728546142578,2488.47338867188
2023-06-01,62428.5390625,3053.58862304688,802.795959472656,915.416564941406,9056.462890625,1012.43640136719,7712.095703125,154.703750610352,160.731079101562,1261.18530273438,4296.03173828125,679.477661132812,188.323913574219,2486.47778320312
2023-06-02,62547.109375,3036.22290039062,810.697387695312,921.887756347656,9212.779296875,1008.62188720703,7718.68408203125,155.832946777344,160.823272705078,1271.89868164062,4319.68115234375,692.214782714844,187.190979003906,2439.287109375
2023-06-05,62787.46875,3022.6240234375,808.806884765625,946.577575683594,9302.39453125,1009.81945800781,7741.74365234375,156.430786132812,160.592742919922,1284.53784179688,4360.50146484375,697.554565429688,186.959747314453,2428.31274414062
2023-06-06,62792.87890625,2971.67456054688,803.910827636719,964.597290039062,9448.759765625,1001.56866455078,7968.89697265625,156.364349365234,161.653244018555,1289.22802734375,4375.0341796875,697.848510742188,184.925094604492,2428.0634765625
2023-06-07,63142.9609375,3008.841796875,817.193115234375,972.063903808594,9428.9052734375,1001.52453613281,8017.22802734375,158.921737670898,163.589736938477,1294.56018066406,4425.52783203125,714.994689941406,186.266098022461,2434.1494140625
2023-06-08,62848.640625,2973.51171875,810.212646484375,958.175842285156,9373.9990234375,999.838989257812,7961.6201171875,160.482696533203,167.877777099609,1286.95690917969,4443.99462890625,733.610473632812,184.740112304688,2423.224609375
2023-06-09,62625.62890625,2949.89770507812,807.30419921875,970.122619628906,9346.814453125,985.023132324219,8015.55615234375,162.575088500977,168.477157592773,1314.25915527344,4390.86279296875,733.169616699219,183.977111816406,2445.22338867188
2023-06-12,62724.7109375,2984.90600585938,811.085205078125,969.923400878906,9271.666015625,1010.92816162109,8061.724609375,160.549118041992,171.243591308594,1315.6416015625,4412.24609375,731.748840332031,182.982879638672,2480.44189453125
2023-06-13,63143.16015625,2980.54125976562,808.661437988281,982.019470214844,9244.5771484375,1005.07312011719,8135.671875,161.047302246094,170.920837402344,1319.24572753906,4402.15576171875,741.693664550781,182.959747314453,2456.69702148438
2023-06-14,63228.51171875,2987.84619140625,802.650573730469,973.407897949219,9255.40234375,1007.55718994141,8209.521484375,163.704299926758,172.626846313477,1306.7548828125,4378.82958984375,757.125183105469,183.399063110352,2451.259765625
2023-06-15,62917.62890625,2977.20092773438,804.638000488281,972.91015625,9312.3466796875,1014.65423583984,8191.47705078125,163.671081542969,172.119644165039,1280.736328125,4361.7509765625,755.018676757812,179.861480712891,2479.5439453125
2023-06-16,63384.578125,2939.248046875,811.860900878906,976.5439453125,9323.2685546875,1019.35656738281,8195.1650390625,163.471817016602,173.595092773438,1296.58435058594,4297.51220703125,760.554443359375,176.370147705078,2500.84423828125
2023-06-19,63168.30078125,2971.0908203125,802.795959472656,961.461181640625,9249.771484375,1009.1982421875,8129.7724609375,161.412643432617,171.243591308594,1284.833984375,4255.07177734375,755.949462890625,175.745864868164,2398.23291015625
2023-06-20,63327.69921875,2987.3369140625,806.092346191406,970.122619628906,9220.0126953125,1036.38989257812,8104.3037109375,165.364929199219,172.949600219727,1281.77294921875,4313.38671875,757.174194335938,176.901947021484,2407.96020507812
2023-06-21,63523.1484375,3015.33813476562,813.121154785156,961.560729980469,9162.9248046875,1038.1201171875,8104.59814453125,171.442825317383,172.903472900391,1270.56579589844,4301.076171875,743.212341308594,178.28923034668,2401.37524414062
2023-06-22,63238.890625,2998.12109375,817.096130371094,960.764282226562,9117.8740234375,1032.04296875,8028.78271484375,168.486907958984,170.090927124023,1257.33435058594,4268.86376953125,736.84375,176.786331176758,2390.35083007812
2023-06-23,62979.37109375,2978.31176757812,830.135864257812,954.044250488281,9052.3369140625,1033.77307128906,7932.66015625,166.062393188477,172.027450561523,1291.99279785156,4275.71337890625,731.063049316406,175.699630737305,2227.92822265625
2023-06-26,62970,2952.8095703125,825.821594238281,955.53759765625,9189.8671875,1035.28112792969,8032.224609375,164.999603271484,170.505905151367,1298.46044921875,4261.875,733.267578125,176.138961791992,2290.38305664062
2023-06-27,63416.03125,2959.01098632812,838.570556640625,969.127075195312,9183.1669921875,1038.38647460938,8070.86962890625,165.730285644531,171.520248413086,1299.10229492188,4274.97314453125,746.739562988281,176.901947021484,2276.46533203125
2023-06-28,63915.421875,2975.81225585938,845.453979492188,973.955383300781,9262.9765625,1037.94250488281,8128.0029296875,166.162033081055,174.609466552734,1317.22155761719,4359.80712890625,767.902770996094,176.508880615234,2398.0830078125
2023-06-30,64718.55859375,3055.18920898438,851.368041992188,983.413330078125,9502.0625,1053.82312011719,8154.74853515625,169.450073242188,174.425033569336,1357.75524902344,4476.3388671875,768.882568359375,179.907730102539,2378.07958984375
2023-07-03,65205.05078125,3028.25170898438,852.240478515625,977.738525390625,9391.18359375,1048.18969726562,8322.1640625,166.294876098633,176.269317626953,1362.29736328125,4398.58837890625,778.190490722656,181.0869140625,2378.5283203125
2023-07-04,65479.05078125,3062.13110351562,839.103820800781,966.239868164062,9365.650390625,1055.99658203125,8272.8984375,165.796691894531,178.989700317383,1350.15197753906,4408.89111328125,780.639953613281,183.167861938477,2382.17016601562
2023-07-05,65446.0390625,3073.7021484375,839.927795410156,962.257629394531,9703.76953125,1060.21069335938,8233.662109375,168.221221923828,178.390289306641,1382.34204101562,4663.7509765625,776.426879882812,182.127380371094,2393.39404296875
2023-07-06,65785.640625,3075.87817382812,843.611999511719,978.2529296875,9568.0361328125,1047.21374511719,8265.9658203125,174.597991943359,181.248977661133,1371.82592773438,4691.17822265625,779.464172363281,183.144714355469,2399.03344726562
2023-07-07,65280.44921875,3078.515625,844.533020019531,976.357482910156,9563.9580078125,1026.49841308594,8198.8525390625,169.782196044922,177.560363769531,1339.78405761719,4606.9404296875,772.801696777344,183.098495483398,2375.82788085938
2023-07-10,65344.171875,3029.0849609375,858.833190917969,961.792358398438,9454.29296875,997.265991210938,8210.7509765625,166.095626831055,176.499847412109,1349.5595703125,4674.76953125,794.160888671875,180.30078125,2406.9365234375
2023-07-11,65617.84375,3028.66845703125,864.698608398438,951.118041992188,9611.921875,988.926452636719,8187.88818359375,168.486907958984,177.329818725586,1364.1240234375,4689.5087890625,784.321899414062,181.45686340332,2418.57080078125
2023-07-12,65393.8984375,3017.88452148438,861.450805664062,947.676330566406,9550.07421875,984.801330566406,8084.58740234375,167.590194702148,175.854354858398,1354.10168457031,4653.73388671875,791.405944824219,181.0869140625,2385.6650390625
2023-07-13,65558.890625,3092.3544921875,858.154541015625,957.702270507812,9372.3974609375,984.047241210938,8091.3232421875,161.512313842773,173.318450927734,1359.28564453125,4641.71337890625,789.339721679688,182.358596801758,2359.49975585938
2023-07-14,66060.8984375,3250.96948242188,859.511840820312,955.457641601562,9324.435546875,1021.39709472656,8054.4482421875,159.486312866211,172.857360839844,1360.86560058594,4635.36962890625,791.750305175781,187.260345458984,2373.68090820312
2023-07-17,66589.9296875,3232.40893554688,851.852783203125,962.889831542969,9406.1376953125,1023.48187255859,8112.66162109375,160.08415222168,171.981323242188,1375.08447265625,4608.37109375,784.469421386719,192.023361206055,2405.08911132812
2023-07-18,66795.140625,3239.67553710938,849.041259765625,961.143981933594,9388.029296875,1035.59167480469,8039.4521484375,160.183807373047,172.626846313477,1372.81335449219,4632.984375,777.532897949219,192.855728149414,2412.978515625
2023-07-19,67097.4375,3213.0166015625,843.272644042969,961.742553710938,9327.298828125,1036.65625,8191.771484375,161.578704833984,177.560363769531,1401.25109863281,4600.119140625,779.057922363281,193.202529907227,2420.46826171875
2023-07-20,67571.8984375,3213.34130859375,857.815124511719,975.559387207031,9490.5087890625,1033.70324707031,8086.947265625,162.176559448242,177.929214477539,1407.32373046875,4642.85791015625,786.240417480469,192.99446105957,2416.32397460938
2023-07-21,66684.2578125,3127.26196289062,858.833190917969,969.074951171875,9483.9541015625,999.297180175781,7991.16943359375,162.176559448242,179.86572265625,1389.74755859375,4638.8994140625,773.400451660156,187.075347900391,2413.427734375
2023-07-24,66384.78125,3150.0927734375,860.772155761719,969.224609375,9412.6904296875,995.717956542969,8083.01416015625,164.335372924805,180.603454589844,1417.69177246094,4658.408203125,762.725036621094,186.913543701172,2415.12548828125
2023-07-25,66355.7109375,3154.59375,857.233459472656,960.54541015625,9477.013671875,994.375793457031,8254.36328125,166.826293945312,185.029800415039,1397.00524902344,4620.43994140625,787.863891601562,185.156295776367,2462.06298828125
2023-07-26,66707.203125,3143.41064453125,861.256896972656,974.511901855469,9472.546875,997.597045898438,8212.470703125,166.726669311523,185.905838012695,1409.79223632812,4647.533203125,792.783386230469,186.196746826172,2465.80786132812
2023-07-27,66266.8203125,3151.90185546875,867.219299316406,957.452819824219,9465.0712890625,999.923583984375,8205.8525390625,166.460952758789,186.274688720703,1397.74584960938,4627.59423828125,781.025756835938,185.017562866211,2426.01098632812
2023-07-28,66160.203125,3114.03686523438,867.413269042969,947.726135253906,9387.640625,987.21728515625,8200.8642578125,171.54248046875,193.651901245117,1384.02062988281,4669.8564453125,791.110778808594,184.393295288086,2458.76733398438
2023-07-31,66527.671875,3175.05786132812,863.098999023438,951.716674804688,9533.9091796875,999.565673828125,8213.85546875,176.690383911133,201.444091796875,1399.720703125,4704.67724609375,803.655578613281,187.283462524414,2488.4775390625
2023-08-01,66459.3125,3202.6689453125,864.359375,958.151184082031,9432.642578125,1018.40179443359,8180.8603515625,167.224838256836,207.622497558594,1376.41735839844,4695.80517578125,807.591186523438,188.138946533203,2477.69189453125
2023-08-02,65782.78125,3193.2021484375,850.980163574219,943.386596679688,9369.6796875,1012.18280029297,8185.35498046875,165.132461547852,202.043487548828,1363.72912597656,4607.36962890625,791.012329101562,186.289245605469,2470.00219726562
2023-08-03,65240.6796875,3155.19677734375,845.357116699219,934.358215332031,9351.6953125,1006.63488769531,8039.796875,165.165649414062,202.919540405273,1346.8935546875,4604.8896484375,791.405944824219,184.763214111328,2528.52416992188
2023-08-04,65721.25,3194.73364257812,863.1474609375,949.821166992188,9274.5166015625,1023.90496826172,8062.0234375,164.401779174805,200.936889648438,1391.62365722656,4492.55615234375,792.685119628906,188.971343994141,2536.962890625
2023-08-07,65953.4765625,3233.2021484375,863.874572753906,944.833129882812,9325.7724609375,1029.98999023438,8072.0009765625,164.733917236328,200.890808105469,1396.80773925781,4455.1123046875,799.769165039062,190.081146240234,2547.29907226562
2023-08-08,65846.5,3220.30224609375,857.863647460938,950.319946289062,9353.6064453125,1020.90747070312,8059.89990234375,163.548751831055,200.245269775391,1386.39050292969,4434.4580078125,787.913024902344,192.624496459961,2471.849609375
2023-08-09,65995.8125,3214.87231445312,856.797241210938,948.025451660156,9274.564453125,1023.09954833984,8007.93896484375,162.702224731445,201.53630065918,1389.50085449219,4449.77001953125,809.017883300781,193.133163452148,2503.3076171875
2023-08-10,65688.1796875,3195.80053710938,847.780883789062,937.401000976562,9209.63671875,1015.27008056641,8001.666015625,163.88737487793,200.475814819336,1412.26098632812,4423.82080078125,818.561828613281,193.456893920898,2548.697265625
2023-08-11,65322.6484375,3201.27612304688,847.780883789062,934.607604980469,9168.6220703125,1048.15466308594,8027.3994140625,165.44499206543,199.166748046875,1379.62658691406,4384.99365234375,806.951782226562,190.982879638672,2535.06518554688
2023-08-14,65401.921875,3201.74047851562,844.225952148438,937.450805664062,9127.65625,1047.70727539062,7951.0888671875,165.546569824219,199.026489257812,1371.38159179688,4402.45166015625,787.027587890625,191.815246582031,2452.42553710938
2023-08-16,65539.421875,3208.88671875,834.681091308594,931.166015625,9230.8544921875,1052.76306152344,8144.40966796875,167.81526184082,203.280975341797,1363.6796875,4384.65966796875,782.452392578125,193.503112792969,2440.7412109375
2023-08-17,65151.01953125,3193.85131835938,834.29150390625,934.408203125,9185.037109375,1052.85278320312,8106.72314453125,165.004791259766,201.738128662109,1357.16271972656,4442.9013671875,777.1884765625,193.017578125,2476.24389648438
2023-08-18,64948.66015625,3125.45166015625,833.707153320312,940.693054199219,9275.2998046875,1050.70495605469,8119.12060546875,162.973114013672,201.177093505859,1353.45983886719,4401.49755859375,774.384338378906,190.404861450195,2573.66381835938
2023-08-21,65216.08984375,3157.09936523438,849.144348144531,950.220275878906,9247.515625,1054.73193359375,8114.6259765625,167.442779541016,204.449798583984,1378.63916015625,4397.72900390625,781.812866210938,191.607177734375,2635.08178710938
2023-08-22,65220.03125,3139.92993164062,854.598571777344,955.158325195312,9304.0654296875,1055.40283203125,8098.96875,167.81526184082,207.161468505859,1383.87243652344,4414.47216796875,782.304809570312,192.855728149414,2694.10278320312
2023-08-23,65433.30078125,3154.96484375,845.394714355469,976.457275390625,9406.2841796875,1057.81884765625,8059.94873046875,169.034240722656,207.114715576172,1383.033203125,4443.9501953125,784.469421386719,192.000228881836,2526.7265625
2023-08-24,65252.33984375,3145.0810546875,846.806884765625,979.300476074219,9379.2841796875,1048.06518554688,8112.107421875,166.799438476562,206.413421630859,1406.78063964844,4411.56201171875,775.122253417969,190.751663208008,2535.8642578125
2023-08-25,64886.51171875,3137.470703125,850.653991699219,980.796875,9318.814453125,1033.25598144531,7972.27783203125,164.158264160156,203.701782226562,1383.72436523438,4377.5048828125,760.560424804688,189.572509765625,2491.52368164062
2023-08-28,64996.6015625,3132.27319335938,847.585998535156,987.430908203125,9403.638671875,1026.36572265625,8016.2861328125,168.255432128906,204.356292724609,1391.13000488281,4387.66455078125,760.462097167969,188.647613525391,2468.55444335938
2023-08-29,65075.8203125,3134.73315429688,832.781860351562,977.953674316406,9428.1875,1036.16418457031,8095.85693359375,170.083953857422,206.78742980957,1383.4775390625,4449.19775390625,770.251953125,188.69384765625,2502.458984375
2023-08-30,65087.25,3146.24145507812,835.119445800781,980.1982421875,9569.6103515625,1047.17041015625,8160.16455078125,167.375045776367,206.039413452148,1375.92370605469,4462.64892578125,773.302062988281,188.323913574219,2510.24853515625
2023-08-31,64831.41015625,3115.6142578125,834.486389160156,971.668762207031,9807.466796875,1049.54174804688,8214.0029296875,165.648147583008,205.665374755859,1359.43383789062,4400.82958984375,767.349426269531,188.878860473633,2415.57495117188
2023-09-01,65387.16015625,3136.17138671875,843.349365234375,988.977172851562,10125.6904296875,1060.72705078125,8163.81982421875,170.727310180664,215.62370300293,1399.47375488281,4448.14794921875,793.226135253906,192.370162963867,2446.83325195312
2023-09-04,65628.140625,3172.04174804688,842.521423339844,979.749328613281,10155.484375,1102.91821289062,8475.78125,172.860565185547,220.532760620117,1403.37414550781,4422.9150390625,796.620727539062,200.716979980469,2467.80517578125
2023-09-05,65780.2578125,3181.32250976562,843.446716308594,979.150756835938,10061.4970703125,1104.97631835938,8353.2880859375,172.217208862305,219.36393737793,1406.38586425781,4486.78466796875,802.770141601562,199.653427124023,2491.5732421875
2023-09-06,65880.5234375,3183.17846679688,856.20556640625,962.939697265625,9997.59765625,1105.73669433594,8429.3515625,172.318756103516,216.839279174805,1390.43884277344,4462.02880859375,800.2119140625,198.427993774414,2491.9228515625
2023-09-07,66265.5625,3207.0302734375,852.309692382812,975.709045410156,10078.060546875,1122.24645996094,8387.8134765625,174.011825561523,218.943145751953,1421.8388671875,4498.80517578125,805.967834472656,200.069610595703,2505.1552734375
2023-09-08,66598.90625,3195.61474609375,862.682434082031,978.302856445312,10126.42578125,1129.3603515625,8321.529296875,175.230819702148,224.740509033203,1429.44213867188,4541.01904296875,802.327270507812,198.913513183594,2516.83959960938
2023-09-11,67127.078125,3229.11889648438,866.480834960938,997.806030273438,10324.7392578125,1146.22766113281,8356.8935546875,179.05712890625,227.171646118164,1431.76245117188,4583.75830078125,810.690490722656,200.994445800781,2611.06372070312
2023-09-12,67221.1328125,3323.0869140625,867.454772949219,997.207458496094,10293.2783203125,1146.89868164062,8473.26171875,172.826675415039,219.644454956055,1411.02661132812,4597.638671875,803.01611328125,201.156311035156,2528.47436523438
2023-09-13,67466.9921875,3309.11938476562,891.0732421875,1012.77014160156,10264.90625,1141.35095214844,8529.4208984375,174.452011108398,221.79508972168,1437.34143066406,4586.85888671875,797.506225585938,201.549392700195,2512.84521484375
2023-09-14,67519,3303.17944335938,890.927124023438,1018.25701904297,10280.048828125,1148.59912109375,8583.6533203125,176.167633056641,222.543106079102,1438.82250976562,4619.39013671875,796.915832519531,201.826843261719,2516.14038085938
2023-09-15,67838.6328125,3340.95239257812,912.061950683594,1024.34240722656,10317.8291015625,1167.65881347656,8621.5859375,175.354965209961,221.000274658203,1431.76245117188,4896.00146484375,799.326477050781,203.977111816406,2535.5146484375
2023-09-18,67596.84375,3345.63940429688,896.429992675781,1022.54663085938,10312.4384765625,1167.61413574219,8518.751953125,180.637298583984,225.582046508789,1439.02001953125,4938.97900390625,794.702026367188,201.595611572266,2499.61279296875
2023-09-20,66800.84375,3347.17065429688,887.274780273438,1024.79125976562,10142.0078125,1157.54711914062,8353.83203125,184.836074829102,225.909332275391,1422.57946777344,4948.04150390625,774.039978027344,198.751693725586,2468.10498046875
2023-09-21,66230.2421875,3326.19604492188,894.189880371094,1012.52075195312,10090.6044921875,1144.03564453125,8205.0625,182.217468261719,223.431427001953,1393.79614257812,4851.30615234375,765.529174804688,198.196762084961,2477.29272460938
2023-09-22,66009.1484375,3343.55078125,887.469604492188,1015.76293945312,10326.2587890625,1139.56127929688,8081.63232421875,179.779495239258,222.496353149414,1434.47790527344,4770.02587890625,761.839538574219,193.595611572266,2461.66333007812
2023-09-25,66023.6875,3320.16357421875,886.300842285156,1016.56103515625,10375.064453125,1130.5234375,8106.9208984375,179.598907470703,224.039215087891,1423.91247558594,4773.69873046875,767.349426269531,191.468444824219,2478.640625
2023-09-26,65945.46875,3325.45336914062,888.394897460938,1011.67272949219,10339.1455078125,1128.01806640625,8126.33154296875,179.147399902344,224.600234985352,1405.59582519531,4834.75439453125,766.857421875,190.867294311523,2453.6240234375
2023-09-27,66118.6875,3329.62963867188,895.650756835938,1022.646484375,10462.0439453125,1128.599609375,8162.783203125,179.960067749023,223.805450439453,1418.72863769531,4800.125,767.152648925781,192.185211181641,2479.2900390625
2023-09-28,65508.3203125,3282.85498046875,900.958923339844,1028.78173828125,10356.1494140625,1112.4033203125,8054.12060546875,181.269378662109,222.356109619141,1395.62280273438,4775.98828125,755.591735839844,187.653396606445,2468.60424804688
2023-09-29,65828.40625,3276.82202148438,902.273742675781,1034.2685546875,10390.2060546875,1106.18420410156,8157.10302734375,180.45671081543,229.696273803711,1410.82922363281,4829.5556640625,766.709838867188,187.861480712891,2408.93359375
2023-10-03,65512.1015625,3262.43701171875,900.861511230469,1037.5107421875,10134.609375,1108.28698730469,8201.111328125,179.960067749023,225.488540649414,1417.59301757812,4775.41650390625,757.805541992188,187.46842956543,2384.36669921875
2023-10-04,65226.0390625,3282.29711914062,900.618041992188,992.019958496094,9932.71875,1108.91357421875,8018.8544921875,179.689178466797,219.737976074219,1383.87243652344,4685.40673828125,743.63720703125,187.214111328125,2461.11401367188
2023-10-05,65631.5703125,3330.9755859375,904.513854980469,1001.19781494141,10013.916015625,1105.916015625,8067.75244140625,177.431793212891,218.709365844727,1383.72436523438,4770.55078125,743.538879394531,188.069595336914,2463.16137695312
2023-10-06,65995.6328125,3359.8388671875,901.932861328125,998.554260253906,10095.1630859375,1106.13952636719,8105.33984375,177.928436279297,220.439239501953,1416.60559082031,4787.38916015625,752.935180664062,188.555130004883,2473.79711914062
2023-10-09,65512.390625,3375.66259765625,900.764099121094,993.765747070312,10034.0068359375,1117.28039550781,8010.01318359375,177.070587158203,219.270446777344,1410.28601074219,4775.03466796875,744.916320800781,187.42219543457,2438.29443359375
2023-10-10,66079.359375,3368.19165039062,923.992980957031,1009.97680664062,10166.8037109375,1128.77856445312,8056.83740234375,178.741073608398,220.579483032227,1403.07775878906,4805.46728515625,759.33056640625,188.485778808594,2494.3193359375
2023-10-11,66473.046875,3350.55810546875,930.567199707031,1016.86029052734,10202.2822265625,1114.73010253906,8227.2392578125,179.237716674805,223.104141235352,1403.275390625,4830.50927734375,764.348510742188,194.682312011719,2484.73266601562
2023-10-12,66408.390625,3287.49487304688,926.086975097656,1015.21429443359,10365.4599609375,1095.31213378906,8256.33203125,181.359680175781,226.143096923828,1406.28698730469,4872.86669921875,770.596313476562,192.832611083984,2502.95849609375
2023-10-13,66282.7421875,3313.52783203125,929.3984375,991.570983886719,10511.68359375,1123.27551269531,8262.951171875,182.08203125,226.376846313477,1445.14208984375,4820.58740234375,764.545227050781,190.081146240234,2451.376953125
2023-10-16,66166.9296875,3270.69653320312,920.924987792969,1002.79406738281,10495.513671875,1136.78747558594,8202.0986328125,183.34619140625,227.639175415039,1428.60278320312,4844.1513671875,777.58203125,189.641860961914,2426.46020507812
2023-10-17,66428.09375,3254.45483398438,929.252319335938,1005.9365234375,10527.755859375,1142.78283691406,8199.2841796875,186.9580078125,229.976791381836,1416.65478515625,4904.10986328125,777.336059570312,190.173645019531,2425.06225585938
2023-10-18,65877.0234375,3236.35791015625,927.986206054688,990.573425292969,10576.7099609375,1135.84777832031,8180.021484375,186.461380004883,226.236587524414,1402.9296875,4907.16259765625,771.727783203125,188.393264770508,2402.19262695312
2023-10-19,65629.2421875,3214.58447265625,918.149230957031,988.578186035156,10555.3935546875,1134.1923828125,8411.2744140625,185.739013671875,223.758682250977,1432.05871582031,5231.61669921875,768.284118652344,182.751678466797,2398.69750976562
2023-10-20,65397.62109375,3251.33813476562,920.486694335938,977.953674316406,10513.0068359375,1137.03796386719,8350.966796875,183.210739135742,225.301528930664,1450.72094726562,5235.6240234375,757.608703613281,181.248779296875,2390.05908203125
2023-10-23,64571.87890625,3172.01440429688,915.276062011719,961.143981933594,10339.341796875,1115.53771972656,8219.8798828125,180.230972290039,221.093795776367,1420.20971679688,5158.15869140625,735.91357421875,177.133148193359,2306.1708984375
2023-10-25,64049.05859375,3154.19604492188,898.523986816406,953.063415527344,10384.8642578125,1110.2529296875,8158.04150390625,180.140655517578,217.073043823242,1394.931640625,5101.158203125,736.307189941406,176.67073059082,2255.03930664062
2023-10-26,63148.1484375,3105.71801757812,881.431091308594,969.623657226562,10218.4521484375,1112.46618652344,8112.60107421875,179.64404296875,216.605499267578,1396.36340332031,5021.59521484375,717.219360351562,174.959732055664,2199.96264648438
2023-10-27,63782.80078125,3117.6279296875,890.732360839844,999.352355957031,10342.3798828125,1145.98132324219,8106.87158203125,181.4951171875,221.187301635742,1421.39453125,5126.486328125,720.220275878906,176.763214111328,2257.73559570312
2023-10-30,64112.6484375,3144.05322265625,901.786804199219,986.28369140625,10185.2275390625,1142.4130859375,8309.4287109375,181.359680175781,219.317184448242,1436.65014648438,5060.04052734375,722.286376953125,176.647613525391,2296.58374023438
2023-10-31,63874.9296875,3134.05102539062,890.391479492188,979.549865722656,10183.806640625,1153.47937011719,8326.6162109375,182.533493041992,220.532760620117,1423.02380371094,5069.86669921875,724.205078125,176.624481201172,2290.79150390625
2023-11-01,63591.328125,3100.87963867188,889.807006835938,969.124877929688,10019.6494140625,1137.94116210938,8278.65625,181.449966430664,217.587341308594,1413.79138183594,5096.53076171875,713.037719726562,176.162063598633,2214.9423828125
2023-11-02,64080.8984375,3126.37426757812,900.082336425781,979.998718261719,10101.43359375,1150.2724609375,8358.2265625,183.57194519043,219.924942016602,1442.62414550781,5071.01123046875,721.696105957031,177.43376159668,2211.94653320312
2023-11-03,64363.78125,3117.90771484375,906.461791992188,986.483154296875,10067.279296875,1143.994140625,8414.4853515625,184.520034790039,221.246673583984,1431.31823730469,5112.60546875,734.290161132812,177.341247558594,2225.7783203125
2023-11-06,64958.69140625,3150.00903320312,914.643005371094,1006.88427734375,10076.541015625,1146.97521972656,8533.322265625,187.996444702148,222.662811279297,1451.70837402344,5150.52734375,741.374267578125,177.919281005859,2243.30493164062
2023-11-07,64942.3984375,3135.81884765625,912.59765625,1018.65606689453,10045.5224609375,1150.76953125,8579.4541015625,187.815841674805,225.731094360352,1467.60595703125,5169.98828125,735.618408203125,177.156280517578,2229.62329101562
2023-11-08,64975.609375,3145.728515625,912.500305175781,1018.25701904297,10110.5478515625,1145.12341308594,8592.345703125,186.822570800781,223.370880126953,1469.72888183594,5149.85986328125,744.178405761719,176.439514160156,2255.03930664062
2023-11-09,64832.19921875,3115.48828125,908.020080566406,1019.55383300781,10193.6083984375,1145.39428710938,8524.728515625,189.621734619141,224.409378051758,1488.58874511719,5170.41796875,738.422546386719,175.907730102539,2210.6982421875
2023-11-10,64904.6796875,3101.1123046875,911.088073730469,1026.38745117188,10183.3671875,1132.47595214844,8614.2763671875,190.660171508789,229.177017211914,1479.70190429688,5143.5634765625,742.013793945312,175.375930786133,2202.458984375
2023-11-13,64933.87109375,3100.08813476562,910.7958984375,1022.74615478516,10187.1884765625,1138.98034667969,8570.5146484375,191.69856262207,231.867660522461,1491.0078125,5172.8505859375,748.753540039062,176.508880615234,2210.2490234375
2023-11-15,65675.9296875,3162.98901367188,925.064270019531,1038.8076171875,10251.48046875,1151.98901367188,8659.125,189.847503662109,233.519805908203,1475.40649414062,5282.130859375,759.9208984375,180.994430541992,2221.53393554688
2023-11-16,65982.4765625,3254.82788085938,923.9443359375,1023.14514160156,10267.8466796875,1184.37512207031,8668.6572265625,190.721954345703,238.00422668457,1480.54113769531,5295.009765625,756.870788574219,183.607147216797,2202.05981445312
2023-11-17,65794.7265625,3259.154296875,922.921630859375,992.11962890625,10314.154296875,1182.11682128906,8685.9931640625,192.885055541992,237.532196044922,1479.15881347656,5370.80419921875,756.182067871094,182.844146728516,2205.40576171875
2023-11-20,65655.1484375,3274.64697265625,936.557006835938,986.183898925781,10355.85546875,1196.02880859375,8558.166015625,192.654937744141,236.918502807617,1485.97192382812,5391.07666015625,749.491516113281,184.971313476562,2146.08471679688
2023-11-21,65930.7734375,3266.27270507812,946.101806640625,989.326416015625,10320.6708984375,1198.37756347656,8598.1748046875,192.286743164062,235.88005065918,1483.20715332031,5423.46533203125,763.069396972656,185.179412841797,2192.22290039062
2023-11-22,66023.2421875,3284.46362304688,944.056518554688,995.810852050781,10286.615234375,1200.99731445312,8653.7900390625,194.679977416992,239.420364379883,1452.10339355469,5490.62646484375,755.936096191406,185.063827514648,2169.35375976562
2023-11-23,66017.8125,3265.01635742188,951.84814453125,996.658813476562,10284.6552734375,1200.72644042969,8502.4521484375,194.081665039062,238.570663452148,1468.09973144531,5649.4189453125,763.069396972656,185.965545654297,2171.40087890625
2023-11-24,65970.0390625,3217.23608398438,947.416625976562,1005.73706054688,10308.2744140625,1182.07141113281,8441.6015625,193.805526733398,239.703582763672,1457.08996582031,5657.00341796875,769.26806640625,183.098495483398,2227.47607421875
2023-11-28,66174.203125,3229.19262695312,959.883239746094,1017.95764160156,10326.9443359375,1189.56970214844,8621.8828125,193.437316894531,243.196685791016,1459.212890625,5726.45458984375,769.563232421875,183.560913085938,2420.46826171875
2023-11-29,66901.90625,3268.8779296875,969.574157714844,1057.86206054688,10378.935546875,1204.74621582031,8620.4501953125,194.311782836914,243.951965332031,1465.28540039062,5786.03125,780.287841796875,187.815246582031,2393.50415039062
2023-11-30,66988.4375,3250.54711914062,988.128051757812,1072.07788085938,10392.5576171875,1210.79895019531,8891.21875,192.332763671875,246.689788818359,1447.90686035156,5809.45166015625,786.732360839844,191.098495483398,2356.35400390625
2023-12-01,67481.1875,3265.62158203125,988.566284179688,1101.15808105469,10372.908203125,1205.10766601562,8921.5439453125,193.621429443359,254.006454467773,1442.77233886719,5768.4296875,798.047302246094,188.532028198242,2359.15014648438
2023-12-04,68865.1171875,3265.66723632812,1005.51324462891,1123.50439453125,10392.4111328125,1207.54675292969,9204.2646484375,195.968643188477,259.434967041016,1495.10559082031,5914.29638671875,806.115356445312,188.347045898438,2525.927734375
2023-12-05,69296.140625,3284.509765625,1003.80877685547,1129.39038085938,10504.7255859375,1190.02111816406,9213.40234375,204.713088989258,269.536743164062,1487.79870605469,5856.57958984375,808.476745605469,186.959747314453,2956.1533203125
2023-12-06,69653.7265625,3352.85424804688,997.283325195312,1117.51879882812,10413.53125,1201.17797851562,9098.1708984375,206.554077148438,265.429962158203,1480.73864746094,5791.61181640625,811.280883789062,193.688110351562,2881.35302734375
2023-12-07,69521.6875,3365.27563476562,972.739501953125,1115.32409667969,10479.3427734375,1198.96459960938,9245.853515625,211.570663452148,268.167785644531,1483.1083984375,5812.26611328125,806.16455078125,193.387512207031,2882.50146484375
2023-12-08,69825.6015625,3374.30151367188,973.469970703125,1128.392578125,10389.4228515625,1231.21545410156,9285.3671875,210.3740234375,269.300659179688,1490.16857910156,5793.94970703125,825.842712402344,195.144744873047,2817.68798828125
2023-12-11,69928.53125,3389.00341796875,974.590087890625,1114.1767578125,10328.119140625,1241.96545410156,9567.2470703125,212.58317565918,271.283264160156,1502.36315917969,5861.921875,831.352661132812,194.381729125977,2852.14208984375
2023-12-12,69551.03125,3416.7783203125,969.768981933594,1128.392578125,10134.9033203125,1242.59814453125,9743.7255859375,213.043395996094,267.554168701172,1478.6650390625,5966.67041015625,840.207824707031,195.214111328125,2853.63989257812
2023-12-13,69584.6015625,3343.92138671875,973.810913085938,1112.38122558594,10179.59375,1236.59045410156,9620.9365234375,218.013961791992,277.419860839844,1487.99621582031,6028.10693359375,837.256103515625,194.034912109375,2871.96557617188
2023-12-14,70514.203125,3411.70678710938,979.849365234375,1117.56872558594,10149.6533203125,1276.97143554688,9837.470703125,213.641723632812,278.977600097656,1532.13403320312,6045.61328125,834.107482910156,200.855728149414,2890.24145507812
2023-12-15,71483.75,3591.708984375,967.139282226562,1117.81811523438,10081.44140625,1348.20300292969,9903.41015625,218.566223144531,288.088012695312,1551.19116210938,5981.45751953125,853.441345214844,206.451126098633,2986.26293945312
2023-12-18,71315.09375,3589.80151367188,964.363586425781,1109.18884277344,10115.056640625,1358.95324707031,9848.4365234375,213.457626342773,286.294219970703,1537.46606445312,6153.46337890625,840.945739746094,205.75749206543,2975.27758789062
2023-12-19,71437.1875,3547.09252929688,961.636413574219,1116.62109375,10031.06640625,1344.36352539062,9890.568359375,215.298553466797,292.47802734375,1546.45166015625,6126.79833984375,844.930480957031,202.821044921875,2937.12841796875
2023-12-20,70506.3125,3517.54931640625,945.906982421875,1107.642578125,9869.2099609375,1300.77551269531,9758.6904296875,209.131393432617,281.384979248047,1536.42932128906,6069.93994140625,828.105773925781,199.630294799805,2781.83569335938
2023-12-21,70865.1015625,3526.0166015625,952.919494628906,1092.77819824219,9814.3271484375,1284.37915039062,9832.5322265625,213.871810913086,285.019714355469,1549.95690917969,5959.2294921875,828.302490234375,200.740112304688,2797.86450195312
2023-12-22,71106.9609375,3559.37475585938,963.486938476562,1085.24621582031,10011.123046875,1320.740234375,9842.9541015625,213.273544311523,285.822235107422,1542.60070800781,6072.9453125,841.09326171875,213.965576171875,2803.65673828125
2023-12-26,71336.796875,3530.80908203125,973.421325683594,1091.630859375,10068.701171875,1317.17199707031,9899.2109375,214.746276855469,292.383605957031,1551.58618164062,6166.2939453125,837.698852539062,217.36442565918,2864.97485351562
2023-12-27,72038.4296875,3545.88232421875,994.361389160156,1103.90148925781,10080.216796875,1329.41247558594,10318.1552734375,215.022430419922,288.843292236328,1576.81481933594,6408.94287109375,862.542541503906,217.780609130859,2839.009765625
2023-12-28,72410.3828125,3536.81030273438,1010.38299560547,1105.34802246094,10068.2109375,1330.2255859375,10288.716796875,219.716827392578,296.584777832031,1589.94750976562,6391.67529296875,866.232177734375,216.971343994141,2808.74975585938
2023-12-29,72240.2578125,3531.13427734375,1005.95135498047,1100.31005859375,10093.9375,1324.44384765625,10375.4501953125,218.336120605469,293.752502441406,1577.95043945312,6488.12451171875,866.232177734375,218.12744140625,2845.201171875
2024-01-01,72240.2578125,3545.69604492188,986.667114257812,1095.421875,10076.638671875,1339.8466796875,10334.1083984375,218.842376708984,292.194793701172,1580.17211914062,6392.2958984375,863.231140136719,220.717025756836,2913.01049804688
2024-01-02,71892.4765625,3520.24780273438,995.286682128906,1090.23425292969,9993.28515625,1327.19921875,10079.689453125,218.842376708984,288.937713623047,1555.19030761719,6355.99609375,856.097839355469,216.948226928711,2928.140625
2024-01-03,71356.6015625,3434.92260742188,1008.14282226562,1096.91833496094,9874.4541015625,1298.607421875,9987.8203125,218.106002807617,289.12646484375,1581.45568847656,6667.85693359375,823.874877929688,210.821060180664,2999.94482421875
2024-01-04,71847.5703125,3412.07934570312,1021.82690429688,1121.35974121094,9815.994140625,1282.48205566406,9893.037109375,222.248123168945,299.369842529297,1626.92651367188,6600.26708984375,823.382873535156,209.271926879883,2994.60180664062
2024-01-05,72026.1484375,3477.91064453125,1019.58685302734,1134.37841796875,9818.9345703125,1294.40686035156,9892.740234375,222.110046386719,297.387237548828,1621.93994140625,6647.5849609375,816.298828125,211.214096069336,3002.69091796875
2024-01-08,71355.21875,3422.03540039062,1021.82690429688,1119.21484375,9748.861328125,1307.59582519531,9811.787109375,222.984512329102,298.661773681641,1606.28942871094,6664.328125,808.919555664062,208.138977050781,2959.5986328125
2024-01-09,71386.2109375,3433.6201171875,1037.16674804688,1112.78015136719,9823.099609375,1319.29467773438,9773.8037109375,222.984512329102,301.966094970703,1604.06762695312,6767.40673828125,807.886413574219,208.439575195312,3010.8798828125
2024-01-10,71657.7109375,3455.53295898438,1035.85192871094,1104.69946289062,9802.5185546875,1347.61547851562,9658.623046875,219.992980957031,295.829528808594,1620.21203613281,6728.5791015625,815.462524414062,209.873092651367,3095.017578125
2024-01-11,71721.1796875,3476.46826171875,1035.17004394531,1122.556640625,9808.3984375,1342.19555664062,9783.2392578125,222.616317749023,295.404663085938,1637.34387207031,6958.92138671875,808.52587890625,207.190979003906,3076.34252929688
2024-01-12,72568.453125,3611.85375976562,1048.07507324219,1118.26696777344,9763.5615234375,1393.91394042969,9688.3564453125,220.453201293945,295.168701171875,1652.25402832031,6964.35888671875,812.068054199219,215.237274169922,3100.11083984375
2024-01-15,73327.9375,3631.11450195312,1073.10583496094,1117.06994628906,9885.2353515625,1434.294921875,9831.6923828125,221.925979614258,299.653076171875,1667.55908203125,6995.88916015625,811.576049804688,228.693893432617,3085.38061523438
2024-01-16,73128.7734375,3592.5927734375,1066.82373046875,1116.32165527344,9984.26953125,1404.93493652344,9844.3369140625,220.085021972656,294.130157470703,1646.03308105469,6958.4921875,818.955322265625,224.277709960938,3053.22338867188
2024-01-17,71500.7578125,3614.13330078125,1056.88952636719,1080.85681152344,9851.8154296875,1423.77062988281,9730.9814453125,220.085021972656,292.053192138672,1622.33508300781,6835.712890625,799.375549316406,223.029174804688,2966.7890625
2024-01-18,71186.859375,3632.13793945312,1058.39892578125,1094.8232421875,9723.2333984375,1416.13696289062,9772.421875,214.884338378906,282.6123046875,1592.86047363281,6757.29443359375,790.815612792969,223.006042480469,2914.65844726562
2024-01-19,71683.2265625,3693.74389648438,1095.70166015625,1113.32885742188,9830.9404296875,1427.33422851562,9971.7685546875,216.725296020508,291.203491210938,1541.21813964844,6807.95166015625,803.458801269531,224.277709960938,2912.06201171875
2024-01-23,70370.546875,3618.45874023438,1129.01098632812,1086.29370117188,9666.9287109375,1386.32312011719,9714.1396484375,218.980453491211,285.538970947266,1425.78857421875,6764.40185546875,777.828063964844,217.295074462891,2893.38696289062
2024-01-24,71060.3125,3605.43481445312,1159.44702148438,1056.2158203125,9771.205078125,1433.97973632812,9871.99609375,226.620376586914,291.864349365234,1471.85180664062,6879.64453125,799.375549316406,221.512130737305,2898.6298828125
2024-01-25,70700.671875,3568.1435546875,1129.64392089844,1040.60339355469,9689.5673828125,1411.94934082031,9862.6611328125,225.930023193359,297.245697021484,1494.01953125,7247.36181640625,803.311218261719,217.781661987305,2890.69067382812
2024-01-29,71941.5703125,3561.72534179688,1131.78674316406,1058.95935058594,9794.1396484375,1433.6611328125,10150.4697265625,233.615982055664,306.497711181641,1508.09033203125,7201.80859375,798.588562011719,219.171890258789,3060.11401367188
2024-01-30,71139.8984375,3559.61743164062,1128.13452148438,1051.32751464844,9758.6123046875,1419.14099121094,9837.421875,233.938110351562,297.812133789062,1498.31481933594,7218.408203125,798.539306640625,218.917007446289,3087.427734375
2024-01-31,71752.109375,3574.28076171875,1140.21130371094,1064.89489746094,9980.15234375,1434.52600097656,10044.3251953125,238.724594116211,299.794677734375,1514.8046875,7310.9931640625,805.278991699219,221.41943359375,3136.91186523438
2024-02-01,71645.296875,3608.66674804688,1120.78100585938,1081.55517578125,10419.36328125,1435.16333007812,9800.8720703125,244.66162109375,303.759857177734,1522.01293945312,7301.740234375,788.89697265625,218.337738037109,3148.046875
2024-02-02,72085.6328125,3716.3251953125,1120.58618164062,1066.19189453125,10439.5517578125,1441.53564453125,9972.8046875,254.69482421875,313.908752441406,1518.01379394531,7380.87353515625,810.542907714844,223.829208374023,3151.59228515625
2024-02-05,71731.421875,3722.3212890625,1084.74450683594,1060.0068359375,10217.3740234375,1415.72729492188,9796.72265625,260.263641357422,317.260284423828,1519.88989257812,7307.70166015625,801.146606445312,223.504821777344,3168.56958007812
2024-02-06,72186.09375,3872.89135742188,1104.71081542969,1047.93579101562,10632.1318359375,1478.40490722656,9933.2431640625,252.531646728516,318.690216064453,1491.99523925781,7361.84130859375,805.918579101562,231.521881103516,3200.17749023438
2024-02-07,72152,3825.80810546875,1105.0029296875,1066.44140625,10713.4755859375,1470.16613769531,10100.7314453125,246.640686035156,315.162994384766,1496.58679199219,7347.48388671875,822.989379882812,229.4365234375,3224.79467773438
2024-02-08,71428.4296875,3874.8583984375,1112.84326171875,1034.1689453125,10535.1552734375,1487.91784667969,9876.0458984375,254.234573364258,315.544311523438,1458.91650390625,7402.91064453125,809.116271972656,226.563354492188,3164.4248046875
2024-02-09,71595.4921875,3873.64038085938,1091.90319824219,1048.53442382812,10516.2890625,1485.68762207031,9825.86328125,251.381103515625,309.729187011719,1466.91467285156,7424.5185546875,798.834533691406,227.212112426758,3209.66430664062
2024-02-12,71072.4921875,3859.39819335938,1089.80908203125,1044.34423828125,10495.7578125,1516.77600097656,9840.87890625,248.619674682617,301.292388916016,1429.68884277344,7463.72802734375,797.358642578125,232.356033325195,3163.87573242188
2024-02-13,71555.1875,3887.60131835938,1088.59167480469,1068.33679199219,10576.46484375,1516.95788574219,9732.5625,248.757736206055,306.869232177734,1444.6484375,7552.544921875,800.01513671875,237.337753295898,3174.61181640625
2024-02-14,71822.828125,3842.48657226562,1086.64379882812,1093.12744140625,10806.8740234375,1522.05603027344,9677.6875,252.071441650391,312.589050292969,1462.27392578125,7716.0126953125,800.2119140625,238.218215942383,3204.37158203125
2024-02-15,72050.3828125,3843.42358398438,1091.95178222656,1070.03271484375,10866.609375,1512.81616210938,9696.0126953125,263.442016601562,323.790405273438,1458.52160644531,7747.017578125,799.080444335938,240.16455078125,3189.89111328125
2024-02-16,72426.640625,3868.9091796875,1090.685546875,1066.69079589844,11140.8759765625,1518.46020507812,9794.6982421875,257.218658447266,321.883819580078,1475.30773925781,7942.7763671875,807.296020507812,251.680389404297,3218.70263671875
2024-02-19,72708.15625,3843.048828125,1112.45361328125,1061.05432128906,11254.66015625,1524.78698730469,9779.978515625,258.716003417969,323.027801513672,1464.15002441406,8118.98046875,806.902465820312,248.042633056641,3253.85571289062
2024-02-20,73057.3984375,3775.91528320312,1114.35278320312,1085.6953125,11217.7119140625,1513.77172851562,9862.4150390625,269.478302001953,329.51025390625,1485.42895507812,7911.056640625,807.394470214844,246.443801879883,3224.34497070312
2024-02-21,72623.09375,3737.82763671875,1110.06750488281,1081.55517578125,11240.890625,1489.01062011719,9847.6455078125,262.178619384766,320.406188964844,1498.51220703125,7850.43017578125,815.068969726562,241.508483886719,3219.15185546875
2024-02-22,73158.2421875,3828.853515625,1105.6845703125,1098.015625,11442.5849609375,1535.52905273438,9838.953125,264.424652099609,323.695037841797,1470.42016601562,8114.01904296875,815.167358398438,246.188949584961,3258.74926757812
2024-02-23,73142.796875,3796.5283203125,1097.35717773438,1094.87316894531,11308.955078125,1516.3662109375,9884.0478515625,264.09716796875,321.931488037109,1462.96508789062,8042.23095703125,807.73876953125,248.413345336914,3261.794921875
2024-02-26,72790.1328125,3748.22778320312,1081.28698730469,1082.80212402344,11230.8447265625,1501.70947265625,9806.7001953125,269.291107177734,321.788482666016,1448.3017578125,8058.783203125,795.489196777344,246.629211425781,3323.11328125
2024-02-27,73095.21875,3844.17333984375,1097.99035644531,1076.8662109375,11273.37890625,1510.76770019531,9833.2724609375,273.736419677734,320.215515136719,1474.12292480469,8073.09228515625,805.37744140625,246.235275268555,3296.04931640625
2024-02-28,72304.8828125,3856.916015625,1099.30517578125,1072.07788085938,10928.15625,1502.52905273438,9684.0595703125,261.617126464844,317.450958251953,1430.92321777344,7797.43603515625,785.354919433594,239.631622314453,3212.66064453125
2024-02-29,72500.296875,3834.1943359375,1093.65637207031,1073.12524414062,11044.537109375,1517.68627929688,9781.5107421875,264.424652099609,319.786560058594,1456.84301757812,7546.869140625,787.273620605469,240.581649780273,3285.962890625
2024-03-01,73745.3515625,3838.08251953125,1099.30517578125,1096.71862792969,11376.48046875,1497.02136230469,10008.9111328125,269.197509765625,327.412994384766,1506.95471191406,7669.17138671875,822.399047851562,240.581649780273,3313.37622070312
2024-03-04,73872.2890625,3824.30981445312,1104.46716308594,1103.8515625,11363.9853515625,1490.10278320312,9862.4150390625,275.561309814453,337.279693603516,1511.84240722656,7827.677734375,810.001831054688,241.091415405273,3311.87841796875
2024-03-05,73677.1328125,3758.48803710938,1138.26354980469,1098.0654296875,11436.361328125,1474.44470214844,9719.5732421875,276.029235839844,341.521942138672,1522.60534667969,7967.58154296875,806.213806152344,237.870651245117,3304.28833007812
2024-03-06,74085.9921875,3809.03686523438,1162.75842285156,1123.05554199219,11345.9521484375,1496.83923339844,9526.44921875,275.186981201172,335.420776367188,1534.20751953125,8195.6806640625,799.670776367188,237.754821777344,3229.08862304688
2024-03-07,74119.390625,3851.0126953125,1167.92053222656,1109.23876953125,11273.4287109375,1490.28491210938,9554.998046875,273.783203125,335.516082763672,1544.42736816406,8470.1943359375,816.397216796875,239.052368164062,3221.9482421875
2024-03-11,73502.640625,3861.6943359375,1165.923828125,1101.80651855469,11165.8173828125,1491.69580078125,9579.990234375,267.185455322266,331.559906005859,1520.82800292969,8268.470703125,816.052917480469,238.380432128906,3202.72387695312
2024-03-12,73667.9609375,3927.14135742188,1173.03381347656,1093.62609863281,11277.2021484375,1488.41870117188,9495.8759765625,266.764251708984,328.747589111328,1512.92858886719,8134.7685546875,804.049133300781,236.642608642578,3116.48901367188
2024-03-13,72761.890625,3886.89892578125,1138.75036621094,1077.11572265625,11163.564453125,1485.14135742188,9479.576171875,247.345413208008,306.821563720703,1481.03491210938,7994.53076171875,779.303894042969,233.723114013672,2901.07666015625
2024-03-14,73097.28125,3941.9453125,1164.1708984375,1055.96655273438,11169.6904296875,1529.06555175781,9582.9033203125,249.451065063477,307.202880859375,1459.01525878906,7995.15185546875,772.908447265625,239.863342285156,3083.5830078125
2024-03-15,72643.4296875,3941.9453125,1164.1708984375,1055.96655273438,11169.6904296875,1529.06555175781,9582.9033203125,249.451065063477,307.202880859375,1459.01525878906,7995.15185546875,772.908447265625,239.492599487305,3083.5830078125
2024-03-18,72748.421875,3883.47875976562,1193.14599609375,1058.80969238281,11403.431640625,1494.74536132812,9502.642578125,248.000518798828,302.341033935547,1462.27392578125,8126.9453125,791.307556152344,236.50358581543,3106.25268554688
2024-03-19,72012.046875,3726.81884765625,1195.873046875,1047.08776855469,11365.896484375,1455.60046386719,9341.03125,242.338607788086,298.766143798828,1416.21057128906,8256.021484375,788.355834960938,229.297500610352,3048.42993164062
2024-03-20,72101.6875,3720.166015625,1199.9150390625,1031.02648925781,11703.572265625,1444.40344238281,9366.8642578125,247.766555786133,299.195129394531,1423.41882324219,8234.556640625,781.222534179688,228.741409301758,3047.181640625
2024-03-21,72641.1875,3723.53881835938,1189.98071289062,1033.71984863281,11676.130859375,1454.0986328125,9490.541015625,256.189208984375,309.824493408203,1465.13745117188,8348.5107421875,799.62158203125,232.031646728516,3061.41259765625
2024-03-22,72831.9375,3666.43139648438,1203.61596679688,1031.52502441406,12090.1044921875,1418.36730957031,9568.7783203125,258.014129638672,309.776824951172,1490.02038574219,8524.5224609375,812.953552246094,225.706024169922,3101.30932617188
2024-03-26,72470.296875,3632.70068359375,1184.38049316406,1038.25903320312,12011.4560546875,1423.0556640625,9483.6259765625,252.679763793945,313.828369140625,1500.240234375,8550.6630859375,808.230712890625,222.323104858398,3102.45776367188
2024-03-27,72996.3125,3595.5966796875,1192.80505371094,1051.07824707031,12270.5322265625,1408.53552246094,9508.322265625,253.662414550781,315.210693359375,1513.86669921875,8749.4755859375,804.639465332031,218.824325561523,3118.08666992188
2024-03-28,73651.3515625,3638.74389648438,1197.04187011719,1045.79089355469,12361.48046875,1404.93981933594,9626.56640625,259.277496337891,320.26318359375,1536.13305664062,8724.1953125,817.971435546875,222.462142944336,3189.2919921875
2024-04-01,74014.546875,3668.44555664062,1186.0849609375,1050.42980957031,12319.53515625,1416.91064453125,9835.150390625,262.038269042969,326.269012451172,1521.71667480469,8625.123046875,857.278564453125,224.756011962891,3246.71508789062
2024-04-02,73903.90625,3637.85400390625,1176.92956542969,1045.09265136719,12300.9619140625,1391.1025390625,9917.83203125,261.5703125,328.699951171875,1539.83581542969,8849.8837890625,864.70703125,222.995056152344,3263.29272460938
2024-04-03,73876.8203125,3698.42846679688,1193.48693847656,1060.85485839844,12180.8564453125,1398.38513183594,9878.1708984375,262.319000244141,335.182434082031,1523.49401855469,8661.4697265625,854.818725585938,223.991409301758,3231.0859375
2024-04-04,74227.6328125,3750.71118164062,1175.51733398438,1060.15637207031,12325.904296875,1401.61694335938,9884.9365234375,259.792236328125,338.185333251953,1524.43200683594,8721.6669921875,848.620178222656,225.914566040039,3206.81860351562
2024-04-05,74248.21875,3728.6923828125,1160.51843261719,1055.66723632812,12176.7900390625,1406.94250488281,9704.6064453125,260.447326660156,337.851684570312,1531.34399414062,8594.2138671875,842.716735839844,224.848739624023,3217.55419921875
2024-04-08,74742.5,3722.27392578125,1172.79028320312,1072.62646484375,12592.822265625,1401.75354003906,9743.478515625,263.675994873047,346.431457519531,1549.1669921875,8613.0546875,862.493225097656,222.392623901367,3219.75122070312
2024-04-09,74683.703125,3698.33447265625,1172.498046875,1078.16320800781,12633.984375,1402.66381835938,9651.509765625,262.927337646484,346.097778320312,1534.55310058594,8564.638671875,860.574645996094,220.492614746094,3192.78735351562
2024-04-10,75038.1484375,3731.50317382812,1197.28527832031,1084.69763183594,12431.2119140625,1402.20874023438,9700.2099609375,264.331085205078,346.193115234375,1533.12145996094,8591.541015625,863.870727539062,221.164581298828,3237.82690429688
2024-04-12,74244.8984375,3748.134765625,1193.2919921875,1071.0302734375,12029.7333984375,1384.50231933594,9529.66015625,257.546173095703,344.763153076172,1536.28112792969,8653.4091796875,852.506591796875,218.221878051758,3204.4716796875
2024-04-15,73399.78125,3693.18115234375,1193.14599609375,1056.01647949219,12178.65234375,1370.48315429688,9386.669921875,256.563537597656,344.477203369141,1519.44555664062,8581.9541015625,846.504760742188,212.823104858398,3144.40185546875
2024-04-16,72943.6796875,3628.20336914062,1185.01342773438,1050.2802734375,12254.0185546875,1343.94641113281,9358.169921875,256.750701904297,342.475189208984,1472,8508.4013671875,831.79541015625,207.887756347656,3101.80859375
2024-04-18,72488.9921875,3619.95776367188,1234.1982421875,1021.69873046875,12149.005859375,1336.07214355469,9273.0673828125,262.225433349609,334.991760253906,1455.41125488281,8602.8935546875,830.663818359375,205.895050048828,3015.97314453125
2024-04-19,73088.328125,3586.18041992188,1255.33312988281,1027.03601074219,12457.0849609375,1318.09265136719,9253.5087890625,263.629211425781,334.51513671875,1464.49548339844,8390.8212890625,851.325866699219,209.857269287109,3021.66552734375
2024-04-22,73648.6171875,3621.78491210938,1264.63427734375,1051.17785644531,12523.77734375,1334.38781738281,9450.830078125,265.360504150391,327.031677246094,1457.83044433594,8388.1025390625,841.339294433594,214.074340820312,3060.51391601562
2024-04-23,73738.453125,3629.98315429688,1307.34252929688,1053.92138671875,12734.48828125,1353.32312011719,9415.2177734375,266.717498779297,330.701873779297,1455.16430664062,8388.2451171875,837.600402832031,214.097503662109,3059.16552734375
2024-04-24,73852.9375,3589.74072265625,1301.44995117188,1061.15405273438,12681.810546875,1346.99609375,9540.4267578125,271.911468505859,335.134735107422,1456.1025390625,8283.4501953125,868.790222167969,213.263366699219,3038.79296875
2024-04-25,74339.4375,3609.04248046875,1301.15783691406,1124.65173339844,12648.6357421875,1368.84448242188,9565.8642578125,274.297912597656,341.569580078125,1477.33203125,8336.634765625,890.92822265625,213.634078979492,3112.24462890625
2024-04-26,73730.15625,3572.50073242188,1290.97998046875,1127.34533691406,12433.955078125,1340.30517578125,9582.2626953125,273.362091064453,339.138641357422,1427.66467285156,8553.048828125,872.332275390625,215.325546264648,3075.79321289062
2024-04-29,74671.28125,3626.61059570312,1298.52807617188,1156.6748046875,12442.482421875,1262.74353027344,9841.126953125,274.859436035156,346.145446777344,1469.03759765625,8356.8115234375,881.581115722656,214.537750244141,3075.44384765625
2024-04-30,74482.78125,3581.63623046875,1288.39892578125,1163.35888671875,12550.9736328125,1244.94616699219,9845.572265625,282.299438476562,346.145446777344,1496.53735351562,8497.955078125,868.396667480469,214.236511230469,3050.2275390625
2024-05-02,74611.109375,3620.19189453125,1272.13403320312,1146.99816894531,12538.52734375,1238.43725585938,9859.8955078125,293.342468261719,352.103607177734,1486.76184082031,8684.9853515625,876.267944335938,211.896286010742,3033.10034179688
2024-05-03,73878.1484375,3597.33056640625,1243.49951171875,1138.31896972656,12241.96484375,1226.966796875,9697.39453125,290.768859863281,348.052093505859,1464.05114746094,8680.16796875,859.246337890625,211.710922241211,2989.30883789062
2024-05-06,73895.5390625,3673.55200195312,1249.927734375,1141.41149902344,12185.12109375,1237.84558105469,9659.265625,287.212677001953,339.996612548828,1479.50427246094,8632.373046875,865.789428710938,212.35969543457,2871.31640625
2024-05-07,73511.8515625,3727.47436523438,1251.388671875,1124.75146484375,12120.3876953125,1227.65087890625,9570.359375,276.310028076172,332.751495361328,1434.32983398438,8279.345703125,843.159545898438,214.769454956055,2831.61938476562
2024-05-08,73466.390625,3722.27392578125,1255.13830566406,1126.14807128906,12291.1611328125,1211.82922363281,9402.228515625,282.533416748047,339.043304443359,1425.64050292969,8348.1298828125,850.981567382812,214.514556884766,2856.28662109375
2024-05-09,72404.171875,3710.421875,1242.37963867188,1112.53076171875,12266.66015625,1221.56225585938,9331.59765625,277.105438232422,329.843933105469,1384.56359863281,8438.330078125,819.988464355469,210.830413818359,2763.06103515625
2024-05-10,72664.46875,3650.26879882812,1268.67639160156,1117.21960449219,12423.419921875,1214.32019042969,9379.5078125,284.405059814453,339.091003417969,1391.87060546875,8569.88671875,840.060180664062,209.324340820312,2795.4677734375
2024-05-13,72776.1328125,3698.00732421875,1253.04431152344,1132.13366699219,12416.36328125,1210.90673828125,9437.98828125,286.791534423828,334.51513671875,1386.4892578125,8580.0927734375,846.2587890625,209.509704589844,2876.6591796875
2024-05-14,73104.609375,3655.98388671875,1251.92431640625,1119.66369628906,12558.86328125,1218.51782226562,9545.1689453125,289.365112304688,339.234008789062,1403.02844238281,8650.927734375,867.265258789062,211.479217529297,3033.00048828125
2024-05-15,72987.03125,3635.74584960938,1277.58801269531,1124.90112304688,12520.640625,1230.28051757812,9493.40625,294.793029785156,344.477203369141,1399.47375488281,8493.423828125,856.78662109375,212.290191650391,3048.53002929688
2024-05-16,73663.71875,3680.99951171875,1309.87463378906,1137.42102050781,12245.443359375,1243.56518554688,9589.1767578125,292.500213623047,344.524810791016,1391.92004394531,8466.5673828125,872.086364746094,215.186538696289,3036.84545898438
2024-05-17,73917.03125,3618.38037109375,1309.14416503906,1138.66809082031,12391.6162109375,1229.72692871094,9770.49609375,293.248901367188,348.338073730469,1393.99353027344,8375.509765625,892.69921875,213.657257080078,3056.16967773438
2024-05-21,73953.3125,3606.771484375,1308.90087890625,1134.87707519531,12220.94140625,1238.306640625,9679.4658203125,304.572692871094,354.534545898438,1387.87158203125,8413.048828125,908.884521484375,213.564575195312,3111.595703125
2024-05-22,74221.0625,3615.92651367188,1312.45568847656,1125.00085449219,12284.056640625,1239.0908203125,9773.3603515625,304.900207519531,356.441131591797,1392.01867675781,8399.7412109375,900.422912597656,213.749938964844,3135.41381835938
2024-05-23,75418.0390625,3676.09204101562,1338.16809082031,1162.16174316406,12671.9609375,1248.59313964844,10040.966796875,299.238342285156,354.915832519531,1421.8388671875,8554.861328125,902.735107421875,215.904830932617,3386.67846679688
2024-05-24,75410.390625,3634.23559570312,1352.4365234375,1171.439453125,12740.26953125,1241.39709472656,10102.212890625,298.115325927734,357.346832275391,1423.66564941406,8539.787109375,894.421020507812,214.792602539062,3380.13696289062
2024-05-27,75390.5,3630.27172851562,1347.66418457031,1184.40832519531,12645.009765625,1249.46960449219,10101.6201171875,297.600616455078,352.341918945312,1447.16613769531,8586.0556640625,887.238586425781,209.718231201172,3283.71606445312
2024-05-28,75170.453125,3624.09033203125,1334.85681152344,1179.57006835938,12565.919921875,1253.06762695312,10045.3134765625,292.734130859375,348.242706298828,1440.20495605469,8572.69921875,892.256469726562,211.317001342773,3240.0244140625
2024-05-29,74502.8984375,3591.48291015625,1341.33349609375,1156.92431640625,12531.6181640625,1247.57861328125,9901.0888671875,297.179473876953,347.575439453125,1441.63671875,8649.5927734375,888.025634765625,208.953598022461,3254.8544921875
2024-05-30,73885.6015625,3525.7490234375,1341.5283203125,1168.54626464844,12340.458984375,1228.85046386719,9746.244140625,286.838317871094,343.190216064453,1428.20776367188,8554.6220703125,869.233032226562,202.488967895508,3188.8427734375
2024-05-31,73961.3125,3463.1767578125,1336.12292480469,1158.96936035156,12150.1328125,1220.36303710938,9780.966796875,290.020172119141,342.141571044922,1441.38989257812,8664.6181640625,867.265258789062,202.85969543457,3406.90112304688
2024-06-03,76468.78125,3498.89819335938,1357.64721679688,1221.12036132812,12223.9306640625,1212.79797363281,10340.62890625,316.036895751953,373.648345947266,1510.70678710938,8903.0693359375,899.930969238281,205.732879638672,3640.48974609375
2024-06-04,72079.046875,3506.87329101562,1272.57214355469,1129.09118652344,11878.8056640625,1203.572265625,9787.6337890625,276.918273925781,315.925659179688,1375.23254394531,8839.3896484375,829.384765625,202.882858276367,2936.03002929688
2024-06-05,74382.2421875,3535.94189453125,1309.38781738281,1181.76477050781,12256.8603515625,1239.41357421875,9912.2509765625,279.585479736328,325.029754638672,1481.82470703125,9158.7392578125,864.215087890625,209.254806518555,3112.89404296875
2024-06-06,75074.5078125,3615.31323242188,1336.025390625,1168.74597167969,12422.48828125,1289.50866699219,9941.935546875,281.223175048828,333.657135009766,1461.87878417969,9255.5703125,873.611450195312,213.634078979492,3179.10522460938
2024-06-07,76693.359375,3674.01538085938,1388.66796875,1183.85961914062,12558.1767578125,1320.23022460938,10334.998046875,289.505493164062,343.857513427734,1473.48107910156,9275.8916015625,897.323608398438,224.501159667969,3214.40844726562
2024-06-10,76490.078125,3639.47387695312,1388.08349609375,1197.57678222656,12449.783203125,1308.65173339844,10698.572265625,295.494903564453,347.527740478516,1467.35900878906,9280.8994140625,900.964111328125,220.121887207031,3214.15844726562
2024-06-11,76456.59375,3635.46264648438,1390.32360839844,1190.99243164062,12603.7001953125,1319.07690429688,10792.7626953125,296.243591308594,350.435363769531,1461.78002929688,9359.794921875,896.979248046875,220.562133789062,3217.65405273438
2024-06-12,76606.5703125,3616.91723632812,1400.98828125,1184.60791015625,12593.94921875,1325.396484375,10909.5263671875,303.777191162109,354.01025390625,1464.79174804688,9447.751953125,901.997192382812,221.002365112305,3211.3623046875
2024-06-13,76810.8984375,3659.48193359375,1388.18078613281,1171.58911132812,12585.1279296875,1332.36181640625,11046.1953125,300.782501220703,352.675598144531,1488.09497070312,9465.306640625,900.767333984375,223.551162719727,3219.701171875
2024-06-14,76992.7734375,3616.4931640625,1390.56701660156,1177.72436523438,12594.8310546875,1319.99951171875,11102.2548828125,300.876068115234,351.197937011719,1484.78698730469,9578.16796875,904.899719238281,221.210906982422,3260.42309570312
2024-06-18,77301.140625,3600.259765625,1391.49230957031,1188.39880371094,12309.3916015625,1326.27282714844,10982.67578125,310.421783447266,352.532623291016,1488.14428710938,9538.0146484375,910.114379882812,227.930419921875,3304.78125
2024-06-19,77337.59375,3587.37744140625,1356.8681640625,1223.31494140625,11991.7568359375,1333.09973144531,10857.169921875,306.537963867188,345.525848388672,1510.21313476562,9317.1962890625,900.47216796875,229.668228149414,3257.47607421875
2024-06-20,77478.9296875,3573.69262695312,1345.1806640625,1235.98461914062,11901.640625,1332.31567382812,10772.908203125,303.777191162109,341.188262939453,1508.583984375,9263.7236328125,914.5419921875,227.304824829102,3255.17822265625
2024-06-21,77209.8984375,3594.78588867188,1376.44458007812,1233.93957519531,11955.2001953125,1335.77514648438,10533.3076171875,304.900207519531,342.904235839844,1507.59655761719,9232.3701171875,920.740539550781,227.327987670898,3184.94458007812
2024-06-24,77341.078125,3602.66625976562,1382.23962402344,1225.16052246094,11934.03125,1328.76379394531,10653.7744140625,311.685150146484,345.811767578125,1471.80249023438,9372.40234375,919.609130859375,227.281646728516,3191.48828125
2024-06-25,78053.5234375,3623.24072265625,1378.24645996094,1266.86047363281,11872.240234375,1336.37487792969,10716.255859375,306.584777832031,344.000518798828,1476.73962402344,9286.94921875,914.984741210938,230.34016418457,3166.41186523438
2024-06-26,78674.25,3639.23779296875,1420.56506347656,1282.822265625,11953.3388671875,1332.63830566406,11014.1884765625,305.882873535156,347.909118652344,1478.91186523438,9114.9404296875,904.604553222656,229.459671020508,3166.36206054688
2024-06-27,79243.1796875,3712.3330078125,1433.46997070312,1285.76513671875,11936.9228515625,1343.47863769531,11572.3681640625,310.281341552734,359.015075683594,1484.09582519531,9058.1005859375,928.070678710938,236.665802001953,3171.85693359375
2024-06-28,79032.7265625,3685.3876953125,1407.70861816406,1262.67053222656,11796.775390625,1346.56921386719,11519.5185546875,309.579498291016,360.683380126953,1461.4326171875,9135.7626953125,916.460571289062,238.61213684082,3172.55615234375
2024-07-01,79476.1875,3749.98901367188,1415.35424804688,1258.68017578125,11865.03515625,1355.01062011719,11762.6279296875,308.409637451172,352.627960205078,1454.79333496094,9161.921875,928.4150390625,244.33528137207,3179.84936523438
2024-07-02,79441.453125,3790.19384765625,1381.60681152344,1250.74914550781,11799.126953125,1366.03515625,11702.8623046875,309.532684326172,353.009246826172,1427.28784179688,9038.962890625,922.905212402344,249.363342285156,3147.62963867188
2024-07-03,79986.796875,3741.92065429688,1383.35986328125,1276.68701171875,11879.5400390625,1366.08129882812,11727.41015625,313.884368896484,355.201904296875,1453.19592285156,9063.919921875,934.958068847656,249.803588867188,3186.64282226562
2024-07-04,80049.671875,3795.14916992188,1386.28161621094,1277.18579101562,11844.3076171875,1405.0595703125,11616.03125,313.837615966797,355.487884521484,1440.86584472656,9105.275390625,929.300659179688,245.818222045898,3141.98486328125
2024-07-05,79996.6015625,3786.84375,1392.75854492188,1284.21899414062,11864.9873046875,1401.59985351562,11550.291015625,317.627807617188,362.113311767578,1431.93041992188,9267.6669921875,938.795288085938,247.9267578125,3144.58276367188
2024-07-08,79960.3828125,3752.39624023438,1397.53076171875,1284.26867675781,11786.0927734375,1414.46936035156,11443.80078125,317.674560546875,359.920715332031,1434.97546386719,9163.4619140625,923.544738769531,250.823089599609,3109.56567382812
2024-07-09,80351.640625,3767.26049804688,1397.7255859375,1285.96472167969,12564.44921875,1412.30151367188,11538.4365234375,319.031555175781,359.396423339844,1431.73071289062,9175.626953125,927.164184570312,250.614547729492,3105.96875
2024-07-10,79924.7734375,3690.05981445312,1407.07543945312,1289.00732421875,12519.318359375,1393.1123046875,11492.7978515625,323.897979736328,363.781646728516,1422.99487304688,9175.916015625,917.198425292969,248.042633056641,3094.6796875
2024-07-11,79897.34375,3702.14013671875,1401.52404785156,1293.69616699219,12459.6328125,1394.91125488281,11422.6123046875,320.809661865234,359.634735107422,1428.43603515625,9109.8916015625,917.495910644531,247.625518798828,3075.04809570312
2024-07-12,80519.34375,3949.59741210938,1395.68041992188,1315.66052246094,12306.8916015625,1439.5634765625,11459.90234375,321.137237548828,359.634735107422,1432.62915039062,9067.9111328125,926.569213867188,259.535278320312,3061.06127929688
2024-07-15,80664.859375,3933.64770507812,1399.77099609375,1305.52685546875,12389.3623046875,1447.68176269531,11687.3046875,321.839080810547,367.642517089844,1442.26354980469,9305.4150390625,922.999328613281,259.210876464844,3087.18676757812
2024-07-16,80716.546875,3940.5849609375,1427.82092285156,1301.83276367188,12376.8681640625,1448.23522949219,11513.640625,320.482177734375,362.685333251953,1443.91101074219,9336.576171875,926.717895507812,259.326721191406,3107.06787109375
2024-07-18,81343.4609375,4071.7216796875,1444.62158203125,1306.97448730469,12399.2626953125,1470.46911621094,11508.849609375,319.125122070312,360.111389160156,1452.89636230469,9257.5205078125,922.30517578125,265.629180908203,3087.63623046875
2024-07-19,80604.6484375,4070.25512695312,1423.43811035156,1290.00207519531,12271.708984375,1470.88403320312,11131.0986328125,310.702514648438,347.480072021484,1429.88366699219,9025.9306640625,882.095031738281,258.237731933594,3003.21606445312
2024-07-22,80502.078125,4054.60009765625,1426.45727539062,1281.71557617188,12389.4609375,1455.70812988281,11375.8369140625,316.785552978516,356.107452392578,1422.54553222656,9053.1005859375,880.855529785156,234.371871948242,2997.32153320312
2024-07-23,80429.0390625,4070.01879882812,1426.84692382812,1260.74975585938,12374.7607421875,1485.68859863281,11401.71875,312.574188232422,364.49658203125,1410.11572265625,9019.53515625,885.664916992188,231.962127685547,2983.33447265625
2024-07-24,80148.8828125,4073.51928710938,1417.64318847656,1237.73706054688,12244.2177734375,1473.09204101562,11319.2333984375,315.522155761719,374.220306396484,1394.89038085938,8908.1640625,874.013366699219,231.730407714844,2966.05102539062
2024-07-25,80039.796875,4089.31665039062,1411.65319824219,1173.44165039062,12251.7646484375,1476.43859863281,11309.701171875,317.440643310547,373.743713378906,1378.01770019531,8925.138671875,867.072082519531,234.858459472656,2972.69482421875
2024-07-26,81332.71875,4150.8515625,1475.25256347656,1175.68798828125,12424.98828125,1519.20190429688,11537.2509765625,322.213439941406,377.985870361328,1401.13024902344,9130.47265625,892.903747558594,243.292602539062,3078.44506835938
2024-07-29,81355.84375,4143.521484375,1442.52770996094,1168.74938964844,12509.173828125,1516.87768554688,11732.7939453125,320.435363769531,375.459655761719,1409.0673828125,9190.0537109375,890.325439453125,242.921890258789,3085.837890625
2024-07-30,81455.3984375,4128.4326171875,1432.73937988281,1167.95056152344,12617.666015625,1515.80859375,11736.8681640625,327.220306396484,387.900268554688,1427.43762207031,9202.748046875,894.539855957031,241.670654296875,3125.60034179688
2024-07-31,81741.34375,4147.72998046875,1454.02026367188,1164.30651855469,12905.2626953125,1526.40637207031,11807.9169921875,326.237640380859,396.622985839844,1425.84020996094,9293.7294921875,919.974914550781,241.925552368164,3166.1123046875
2024-08-01,81867.546875,4158.23046875,1466.19494628906,1170.29675292969,13082.7001953125,1524.73291015625,11909.3740234375,338.076171875,403.582183837891,1417.30407714844,9361.822265625,926.222106933594,241.693817138672,3215.71533203125
2024-08-02,80981.953125,4051.57275390625,1454.84826660156,1159.21484375,12594.9189453125,1496.61169433594,11684.3017578125,335.034637451172,400.054901123047,1402.228515625,9249.9697265625,892.308715820312,232.634078979492,3157.67016601562
2024-08-05,78759.3984375,3930.77221679688,1427.82092285156,1131.60961914062,12069.8896484375,1452.26831054688,11348.0341796875,320.809661865234,393.906097412109,1387.45239257812,9124.365234375,856.312927246094,224.848739624023,3033.08764648438
2024-08-06,78593.0703125,3945.34106445312,1405.95568847656,1124.02197265625,11996.6796875,1470.9541015625,11257.7568359375,319.031555175781,395.526702880859,1377.71813964844,9066.3720703125,876.542053222656,226.818222045898,3072.0009765625
2024-08-07,79468.0078125,3973.81420898438,1411.97888183594,1135.45349121094,12243.8603515625,1482.94616699219,11473.4384765625,329.513092041016,400.042633056641,1342.72485351562,9334.603515625,899.646728515625,230.548706054688,3182.2470703125
2024-08-08,78886.21875,3945.53002929688,1421.42980957031,1135.85266113281,12083.046875,1448.45678710938,11182.7822265625,320.482177734375,391.443145751953,1345.67004394531,9269.5419921875,878.971496582031,225.706024169922,3162.71533203125
2024-08-09,79705.90625,4001.48364257812,1433.72119140625,1141.79321289062,12095.8095703125,1478.5302734375,11233.7587890625,323.897979736328,394.133544921875,1348.01623535156,9390.2890625,897.366027832031,227.675537109375,3183.79565429688
2024-08-12,79648.921875,3969.36840820312,1429.02014160156,1162.30969238281,12143.4951171875,1473.13854980469,11226.5048828125,319.265502929688,384.669342041016,1348.96484375,9344.173828125,910.554565429688,226.586532592773,3149.02856445312
2024-08-13,78956.03125,3968.32739257812,1429.55883789062,1158.11657714844,12035.6591796875,1480.57556152344,11197.240234375,315.100982666016,380.345581054688,1348.06628417969,9301.8095703125,900.092956542969,227.258483886719,3088.4853515625
2024-08-14,79105.8828125,4059.75512695312,1441.45837402344,1150.77856445312,12069.69140625,1511.5322265625,10932.3203125,312.059509277344,380.729919433594,1336.48498535156,9375.8642578125,882.690063476562,229.4365234375,3036.4345703125
2024-08-16,80436.84375,4177.90673828125,1453.896484375,1165.25500488281,12084.185546875,1551.59936523438,11216.3193359375,319.702941894531,382.555480957031,1363.19177246094,9509.451171875,900.340881347656,239.307250976562,3105.11987304688
2024-08-19,80424.6796875,4246.77294921875,1439.20568847656,1151.27770996094,12014.537109375,1560.05895996094,11238.9755859375,321.071228027344,387.119415283203,1345.52026367188,9396.974609375,909.761291503906,240.74382019043,3099.17553710938
2024-08-20,80802.859375,4278.17919921875,1419.47119140625,1166.25329589844,12095.462890625,1567.31018066406,11316.4345703125,321.354309082031,390.386260986328,1379.265625,9405.29296875,909.116638183594,243.107223510742,3068.30444335938
2024-08-21,80905.296875,4305.75390625,1434.01501464844,1173.49169921875,12085.8671875,1558.61804199219,11132.4013671875,317.815643310547,392.692260742188,1382.26086425781,9478.1943359375,917.743774414062,243.593841552734,3112.61279296875
2024-08-22,81053.1875,4256.7998046875,1455.61047363281,1167.90075683594,12166.2490234375,1557.68823242188,11235.994140625,315.079162597656,387.695922851562,1381.06286621094,9530.9453125,925.6767578125,240.396270751953,3096.677734375
2024-08-23,81086.2109375,4222.79248046875,1475.00231933594,1163.95703125,12170.8486328125,1546.16088867188,11253.185546875,317.202270507812,386.062469482422,1386.20434570312,10003.501953125,932.27099609375,237.430419921875,3073.05004882812
2024-08-26,81698.109375,4257.935546875,1482.44555664062,1168.15026855469,12115.6943359375,1599.80065917969,11265.8056640625,319.042388916016,398.505310058594,1383.70849609375,10025.3330078125,955.028625488281,240.92919921875,3066.00659179688
2024-08-27,81711.7578125,4251.408203125,1491.11303710938,1178.43359375,12363.072265625,1590.36486816406,11228.1943359375,316.164306640625,393.557037353516,1381.31237792969,10105.9765625,935.840881347656,239.631622314453,3064.05834960938
2024-08-28,81785.5625,4263.23291015625,1524.0205078125,1168.79907226562,12225.41015625,1597.75549316406,11159.08203125,315.456573486328,393.028564453125,1411.31372070312,10247.0654296875,941.393859863281,247.74137878418,3019.90014648438
2024-08-29,82134.609375,4266.82666015625,1533.81433105469,1173.39172363281,12318.65234375,1628.71215820312,11153.0703125,314.324249267578,393.941314697266,1415.15747070312,10395.173828125,931.923889160156,249.595016479492,3018.90112304688
2024-08-30,82365.7734375,4305.89599609375,1556.19311523438,1173.59143066406,12288.5283203125,1628.8515625,11229.4365234375,318.3818359375,400.090667724609,1424.19287109375,10479.3271484375,933.064331054688,249.409683227539,3017.052734375
2024-09-02,82559.84375,4276.5712890625,1541.06176757812,1186.72009277344,12298.322265625,1679.88818359375,11353.99609375,316.447387695312,393.797241210938,1446.25708007812,10698.029296875,932.27099609375,246.606033325195,3041.03002929688
2024-09-03,82555.4375,4268.3876953125,1528.32971191406,1189.86499023438,12275.0234375,1663.89855957031,11388.328125,315.739685058594,390.386260986328,1434.27648925781,10621.185546875,923.197692871094,248.459686279297,3033.68725585938
2024-09-04,82352.640625,4237.59716796875,1529.798828125,1175.58825683594,12203.94140625,1659.4365234375,11517.458984375,314.041137695312,389.13720703125,1432.08020019531,10548.9580078125,925.180969238281,240.581649780273,3009.65991210938
2024-09-05,82201.15625,4238.25927734375,1515.15710449219,1178.78283691406,12166.7431640625,1664.36340332031,11464.544921875,312.29541015625,387.743988037109,1421.44738769531,10431.6728515625,917.247985839844,243.24626159668,3012.0078125
2024-09-06,81183.9296875,4216.64404296875,1507.37084960938,1157.26794433594,12053.9111328125,1630.7109375,11354.791015625,311.115844726562,379.672973632812,1405.97241210938,10413.111328125,925.13134765625,241.207244873047,2974.04345703125
2024-09-09,81559.5390625,4212.38671875,1510.79870605469,1168.74938964844,12019.9287109375,1622.94836425781,11424.6474609375,310.030700683594,374.676666259766,1424.89172363281,10430.037109375,926.122985839844,238.588958740234,2961.85498046875
2024-09-10,81921.2890625,4263.37451171875,1545.37097167969,1185.07275390625,12134.244140625,1653.998046875,11469.06640625,315.362243652344,381.162292480469,1432.57934570312,10566.6064453125,930.833190917969,243.570663452148,2983.03515625
2024-09-11,81523.15625,4242.89404296875,1545.17517089844,1184.12438964844,12117.6240234375,1653.30078125,11416.201171875,314.088348388672,374.436462402344,1419.75012207031,10988.2861328125,919.082397460938,238.449935913086,2934.58081054688
2024-09-12,82962.7109375,4273.11767578125,1612.55676269531,1201.39611816406,12260.4306640625,1678.49365234375,11632.728515625,318.75927734375,388.945007324219,1440.71618652344,11277.8701171875,947.244445800781,245.540176391602,2988.57983398438
2024-09-13,82890.9375,4277.89501953125,1600.75512695312,1215.72290039062,12185.541015625,1685.55895996094,11641.9697265625,318.098754882812,385.534057617188,1461.68225097656,11289.5068359375,946.451171875,255.17919921875,2965.80126953125
2024-09-16,82988.78125,4269.1455078125,1601.68566894531,1229.50048828125,12158.2353515625,1683.56018066406,11567.98828125,319.278289794922,394.9501953125,1467.82214355469,11240.650390625,962.812866210938,255.573120117188,2981.736328125
2024-09-17,83079.65625,4260.30029296875,1627.19848632812,1229.30090332031,12116.7333984375,1685.14074707031,11576.0380859375,317.674072265625,399.946563720703,1465.07666015625,11487.3857421875,955.673217773438,255.642608642578,2971.8955078125
2024-09-18,82948.2265625,4111.736328125,1618.580078125,1236.33935546875,12069.83984375,1632.10546875,11560.23828125,315.362243652344,397.640533447266,1477.20703125,11316.099609375,947.591491699219,249.224334716797,2951.31494140625
2024-09-19,83184.796875,4064.67431640625,1630.72448730469,1240.53259277344,12224.8662109375,1615.00012207031,11567.193359375,316.022766113281,407.393005371094,1481.69970703125,11410.927734375,939.212341308594,247.115798950195,2939.57592773438
2024-09-20,84544.3125,4053.748046875,1677.00036621094,1243.52770996094,12481.8896484375,1635.26611328125,11728.869140625,321.920471191406,407.537109375,1476.8076171875,11486.0390625,973.621459960938,249.687728881836,3005.61352539062
2024-09-23,84928.609375,4036.95727539062,1714.65771484375,1244.67578125,12546.689453125,1628.89807128906,11896.0087890625,321.826110839844,411.524597167969,1462.98010253906,11871.1728515625,973.571960449219,247.718215942383,3041.13012695312
2024-09-24,84914.0390625,4041.544921875,1719.94641113281,1237.73706054688,12602.2890625,1650.97680664062,11687.1826171875,330.365997314453,411.236328125,1445.40856933594,11975.8603515625,980.562805175781,249.849945068359,3089.48461914062
2024-09-25,85169.8671875,4044.90380859375,1724.15759277344,1265.79150390625,12639.4873046875,1656.78698730469,11739.0048828125,343.293731689453,419.211242675781,1437.77087402344,11924.7421875,974.018188476562,248.529174804688,3101.82299804688
2024-09-26,85836.1171875,4059.37719726562,1733.41284179688,1274.22778320312,13241.287109375,1659.6689453125,11985.541015625,344.662048339844,417.385620117188,1450.05102539062,12142.9638671875,996.726257324219,251.124313354492,3118.20727539062
2024-09-27,85571.8515625,4076.21484375,1699.47729492188,1270.08459472656,13353.12890625,1681.42211914062,11877.525390625,334.23486328125,420.412261962891,1460.08471679688,12197.5908203125,993.354736328125,251.031631469727,3128.19799804688
2024-09-30,84299.78125,4037.76098632812,1674.64978027344,1230.44885253906,13086.85546875,1668.22155761719,11723.25390625,333.008178710938,425.744934082031,1445.65808105469,11871.89453125,1021.36798095703,250.869430541992,3131.79467773438
2024-10-01,84266.2890625,4054.69409179688,1664.02355957031,1223.90954589844,13026.3095703125,1687.23229980469,11761.4619140625,331.07373046875,422.766326904297,1406.87097167969,11696.7119140625,1019.08728027344,253.325561523438,3181.79736328125
2024-10-03,82497.1015625,4003.70654296875,1641.25280761719,1173.54138183594,12518.2470703125,1651.39514160156,11648.6767578125,324.798553466797,418.346466064453,1385.05639648438,11357.1650390625,1031.08581542969,245.563354492188,3113.91162109375
2024-10-04,81688.453125,4019.5048828125,1606.92541503906,1175.58825683594,12468.2373046875,1651.16271972656,11373.3232421875,319.702941894531,413.302124023438,1380.66345214844,11327.5908203125,1024.44201660156,247.231643676758,3106.81811523438
2024-10-07,81050,4041.40356445312,1628.81457519531,1143.54028320312,12403.6337890625,1651.72045898438,11162.4609375,310.360961914062,398.841613769531,1347.11779785156,11170.3447265625,1010.36102294922,246.25846862793,3013.55615234375
2024-10-08,81634.8125,4021.58544921875,1624.21154785156,1150.37915039062,12401.9033203125,1663.3408203125,11315.73828125,308.709594726562,404.510498046875,1357.35119628906,11442.13671875,990.330322265625,244.126739501953,3163.1650390625
2024-10-09,81467.1015625,4022.53173828125,1644.82751464844,1168.2001953125,12620.8388671875,1682.72375488281,11283.54296875,311.163024902344,402.060394287109,1339.13073730469,11365.0517578125,986.661315917969,246.281646728516,3149.92749023438
2024-10-10,81611.40625,3999.9228515625,1643.70129394531,1181.82800292969,12805,1682.63073730469,11363.783203125,315.503784179688,406.432159423828,1354.30615234375,11379.6220703125,998.362426757812,243.24626159668,3170.30834960938
2024-10-11,81381.359375,3926.32739257812,1652.22192382812,1170.49658203125,12637.9052734375,1710.10119628906,11349.42578125,311.39892578125,405.903747558594,1345.52026367188,11423.9580078125,1002.92388916016,245.123123168945,3134.29248046875
2024-10-14,81973.046875,3913.13037109375,1661.6240234375,1162.50939941406,12404.4755859375,1725.39379882812,11239.8193359375,312.106658935547,407.729309082031,1368.38330078125,11437.9521484375,1004.11383056641,254.623123168945,3095.62866210938
2024-10-15,81820.1171875,3895.01538085938,1682.48486328125,1153.224609375,12313.904296875,1738.45495605469,11333.0791015625,311.068664550781,409.602905273438,1357.85046386719,11078.5458984375,992.263977050781,246.976760864258,3101.2734375
2024-10-16,81501.359375,3873.54174804688,1697.71423339844,1150.37915039062,12241.2880859375,1733.34216308594,11253.037109375,308.662445068359,407.585174560547,1343.82312011719,11173.181640625,981.009094238281,246.652359008789,3082.59106445312
2024-10-17,81006.609375,3884.326171875,1667.64709472656,1130.31176757812,12013.9931640625,1735.89855957031,10949.2138671875,312.625640869141,401.099548339844,1345.22082519531,9735.125,971.886169433594,245.053604125977,3009.35986328125
2024-10-18,81224.75,3908.64916992188,1671.61376953125,1193.30944824219,11973.3330078125,1726.50939941406,10991.197265625,313.239044189453,408.113616943359,1344.37231445312,9678.189453125,984.083129882812,254.275527954102,3001.517578125
2024-10-21,81151.2734375,3867.3515625,1658.2451171875,1188.61706542969,12051.4384765625,1712.84362792969,10800.8037109375,312.342590332031,408.449951171875,1305.88452148438,10098.9072265625,973.125671386719,253.881607055664,2933.58154296875
2024-10-22,80220.71875,3808.08447265625,1656.87390136719,1173.89099121094,11793.5244140625,1705.31115722656,10749.181640625,304.604797363281,399.225921630859,1272.23913574219,9962.4833984375,956.268127441406,252.838958740234,2821.68725585938
2024-10-23,80081.9765625,3856.39916992188,1650.26318359375,1158.61584472656,11835.3232421875,1727.34729003906,10684.4423828125,298.942993164062,392.259887695312,1270.09252929688,10170.5576171875,946.500732421875,253.557250976562,2833.12646484375
2024-10-24,80065.15625,3838.76123046875,1645.56201171875,1166.0537109375,11636.322265625,1726.17785644531,10970.478515625,301.066131591797,395.622833251953,1276.83166503906,9906.4130859375,950.02099609375,253.464569091797,2825.68359375
2024-10-25,79402.2890625,3848.0068359375,1630.087890625,1185.7216796875,11373.1640625,1732.16638183594,10923.2275390625,297.763458251953,383.228088378906,1039.86547851562,9815.1435546875,935.245849609375,251.726760864258,2691.16040039062
2024-10-28,80005.0390625,3881.33911132812,1629.35327148438,1168.74938964844,11359.51171875,1751.25500488281,11025.08203125,300.122528076172,387.936157226562,1052.69470214844,9625.1015625,959.044738769531,258.956024169922,2797.8095703125
2024-10-29,80369.03125,3866.26098632812,1603.10571289062,1184.07434082031,10929.505859375,1752.14416503906,11046.1484375,302.575988769531,396.103240966797,1036.57080078125,9473.193359375,950.120178222656,260.531616210938,2838.77099609375
2024-10-30,79942.1796875,3874.27416992188,1599.92260742188,1170.64624023438,11139.8349609375,1721.26525878906,11127.58203125,300.499969482422,392.355987548828,1055.29052734375,9547.19921875,949.178100585938,262.060882568359,2964.85205078125
2024-10-31,79389.0625,3765.83911132812,1578.42529296875,1156.61901855469,10962.2021484375,1654.31408691406,10997.904296875,303.095001220703,394.531158447266,1054.04248046875,9459.248046875,956.367370605469,255.712127685547,2943.8720703125
2024-11-01,79724.1171875,3779.25659179688,1583.12634277344,1166.25329589844,10994.009765625,1645.19079589844,11068.0595703125,303.755554199219,397.818145751953,1060.83154296875,9500.4111328125,959.54052734375,255.410934448242,2945.6201171875
2024-11-04,78782.2421875,3757.44653320312,1558.78845214844,1138.19909667969,10935.88671875,1650.009765625,10934.904296875,297.716278076172,387.522216796875,1061.82995605469,9160.81640625,946.847778320312,250.429214477539,2893.61962890625
2024-11-05,79476.6328125,3766.31298828125,1546.30151367188,1169.24853515625,11051.8349609375,1659.22668457031,11105.2734375,298.8486328125,389.745727539062,1088.23718261719,9496.2265625,991.56982421875,251.935302734375,2910.65307617188
2024-11-06,80378.1328125,3924.72241210938,1565.79125976562,1165.205078125,11230.9501953125,1720.75048828125,11200.171875,300.499969482422,395.304565429688,1075.85717773438,9631.015625,1000.345703125,261.388946533203,3043.6279296875
2024-11-07,79541.7890625,3934.77368164062,1543.16735839844,1158.91540527344,11180.396484375,1713.3583984375,10996.21484375,295.262817382812,390.567504882812,1055.29052734375,9483.8681640625,981.752807617188,261.018218994141,2966.45068359375
2024-11-08,79486.3203125,3930.60205078125,1537.927734375,1159.61413574219,11186.4306640625,1719.44055175781,10978.1796875,298.565521240234,384.476989746094,1052.59497070312,9531.5224609375,988.495788574219,263.613311767578,2926.0888671875
2024-11-11,79496.1484375,3978.0625,1527.98693847656,1168.79907226562,11283.0869140625,1746.99780273438,10898.8818359375,311.163024902344,379.401489257812,1059.333984375,9534.9853515625,970.497924804688,265.188934326172,2900.91235351562
2024-11-12,78675.1796875,3978.91625976562,1523.53076171875,1156.61901855469,11026.7548828125,1749.8046875,10822.466796875,304.321716308594,367.413726806641,1057.33728027344,9309.021484375,948.830993652344,264.331665039062,2863.947265625
2024-11-13,77690.953125,3934.44213867188,1518.43798828125,1139.29724121094,10930.5947265625,1744.61157226562,10725.33203125,300.264068603516,368.187194824219,1035.37280273438,9094.5517578125,928.2548828125,263.65966796875,2815.39331054688
2024-11-14,77580.3125,3931.69213867188,1518.6337890625,1138.84790039062,10889.93359375,1739.83935546875,10667.84765625,298.828338623047,360.114837646484,1015.45501708984,9126.7705078125,930.981872558594,262.292633056641,2823.23583984375
2024-11-18,77339.0078125,3811.59301757812,1505.99975585938,1124.32153320312,10975.0634765625,1715.22985839844,10559.435546875,298.589050292969,354.507659912109,1003.17492675781,9151.294921875,941.740966796875,256.268218994141,2817.69116210938
2024-11-19,77578.3828125,3830.36865234375,1494.49194335938,1133.1572265625,10851.2509765625,1703.20556640625,10706.7001953125,301.556243896484,353.927612304688,998.532470703125,9181.3017578125,939.757751464844,260.276763916016,2817.541015625
2024-11-21,77155.7890625,3866.35595703125,1493.51257324219,1137.25048828125,10745.740234375,1718.08361816406,10886.7099609375,311.845794677734,344.260101318359,980.1123046875,9143.79296875,935.989624023438,258.214538574219,2180.49243164062
2024-11-22,79117.109375,4026.14086914062,1537.73181152344,1141.14416503906,10963.0439453125,1776.98767089844,11315.3916015625,322.566162109375,353.540924072266,996.635498046875,9109.21875,968.613891601562,264.795013427734,2227.5478515625
2024-11-25,80109.8515625,4091.90307617188,1546.93798828125,1153.62390136719,10908.87890625,1770.390625,11384.6513671875,328.165557861328,356.392822265625,1002.27642822266,9065.69921875,945.3603515625,270.054779052734,2255.521484375
2024-11-26,80004.0625,4126.7529296875,1545.22399902344,1142.04272460938,10827.359375,1776.66015625,11050.0234375,324.193328857422,349.625549316406,1007.86730957031,8789.9658203125,955.821960449219,272.974304199219,2147.7734375
2024-11-27,80234.078125,4108.0244140625,1545.419921875,1148.43237304688,10939.8447265625,1768.61267089844,11069.052734375,324.48046875,356.924560546875,1000.52923583984,8837.5234375,960.730407714844,270.031646728516,2396.0888671875
2024-11-28,79043.7421875,4028.3212890625,1528.18286132812,1130.66125488281,10848.4814453125,1723.65124511719,10928.3955078125,319.407470703125,349.867218017578,992.092895507812,8668.49609375,945.558715820312,265.212097167969,2435.15209960938
2024-11-29,79802.7890625,4052.501953125,1593.89953613281,1134.85437011719,10954.189453125,1730.06103515625,11128.923828125,315.483093261719,351.752410888672,994.788513183594,8685.759765625,958.102722167969,267.830413818359,2459.92846679688
2024-12-02,80248.078125,4047.23974609375,1609.12890625,1135.15393066406,11129.79296875,1755.37231445312,11566.2998046875,314.14306640625,346.628631591797,989.097717285156,8774.8662109375,981.752807617188,271.097473144531,2449.48852539062
2024-12-03,80845.75,4078.95971679688,1586.26037597656,1158.16662597656,11157.939453125,1767.63037109375,11774.77734375,315.626647949219,355.281066894531,996.785278320312,8810.306640625,989.586608886719,270.356018066406,2510.08129882812
2024-12-04,80956.328125,4129.8349609375,1551.39428710938,1157.36779785156,11012.41015625,1773.89990234375,11688.0771484375,311.080108642578,360.308166503906,997.334411621094,8655.1279296875,986.81005859375,272.626739501953,2493.79638671875
2024-12-05,81765.859375,4228.5966796875,1580.04125976562,1165.40478515625,11061.283203125,1798.181640625,11847.2685546875,314.525909423828,356.779510498047,996.335998535156,8562.607421875,990.528625488281,277.39990234375,2519.97192382812
2024-12-06,81709.1171875,4216.5068359375,1565.00769042969,1184.12438964844,11197.2646484375,1799.39819335938,11778.255859375,314.860900878906,357.166229248047,989.0478515625,8759.236328125,994.4951171875,275.499938964844,2503.18774414062
2024-12-09,81508.4609375,4221.76953125,1568.87634277344,1161.56091308594,11156.751953125,1786.71911621094,11735.775390625,315.004486083984,357.552947998047,981.210510253906,8721.19921875,1004.16339111328,281.895050048828,2494.49609375
2024-12-10,81510.046875,4202.708984375,1546.59533691406,1151.62719726562,11083.8876953125,1810.72045898438,11672.029296875,313.808044433594,356.537811279297,982.658142089844,8671.8623046875,1004.51049804688,285.370635986328,2463.77490234375
2024-12-11,81526.140625,4198.53662109375,1553.20617675781,1145.63696289062,11162.2421875,1806.08862304688,11811.693359375,313.472991943359,353.395874023438,983.357055664062,8719.9501953125,991.470703125,286.390197753906,2452.685546875
2024-12-12,81289.9609375,4226.41650390625,1578.03356933594,1143.73999023438,11046.443359375,1811.23510742188,11796.4892578125,314.908752441406,343.631713867188,996.2861328125,8619.5419921875,998.114562988281,286.390197753906,2501.63916015625
2024-12-13,82133.1171875,4242.205078125,1647.27587890625,1146.78503417969,11156.5537109375,1841.78637695312,12016.693359375,319.694641113281,345.420196533203,985.45361328125,8668.9775390625,992.809387207031,287.316955566406,2526.96557617188
2024-12-16,81748.5703125,4187.48876953125,1628.12902832031,1148.68188476562,11146.8095703125,1828.17175292969,11861.1796875,320.460327148438,341.1181640625,998.083190917969,8650.7041015625,982.050231933594,286.482849121094,2509.38208007812
2024-12-17,80684.453125,4100.7216796875,1582.00012207031,1134.10559082031,10971.8486328125,1825.92578125,11702.7841796875,315.865936279297,337.637847900391,973.572875976562,8537.3125,958.449768066406,286.204772949219,2485.0546875
2024-12-18,80182.203125,4123.291015625,1568.435546875,1120.62756347656,10888.3017578125,1833.27136230469,11689.767578125,307.77783203125,330.58056640625,964.287902832031,8612.810546875,939.113159179688,289.773071289062,2453.53466796875
2024-12-19,79218.046875,4050.55883789062,1566.67272949219,1106.65026855469,10837.8955078125,1809.0830078125,11601.27734375,308.065032958984,326.423522949219,962.490844726562,8631.228515625,917.694213867188,289.819458007812,2417.36865234375
2024-12-20,78041.59375,3952.45922851562,1545.7138671875,1070.35925292969,10788.2314453125,1788.3564453125,11352.7041015625,302.226318359375,322.218139648438,928.495910644531,8450.564453125,910.752868652344,282.821868896484,2342.68896484375
2024-12-23,78540.171875,3941.79077148438,1554.87109375,1077.44763183594,10706.4150390625,1781.01110839844,11395.6328125,301.747711181641,322.556518554688,943.172119140625,8429.837890625,928.849914550781,285.370635986328,2339.74194335938
2024-12-24,78472.8671875,3964.40771484375,1551.4921875,1077.59741210938,10620.83984375,1774.41442871094,11323.7373046875,296.866119384766,324.296691894531,933.088439941406,8440.9462890625,914.521057128906,282.91455078125,2370.31323242188
2024-12-26,78472.4765625,3952.98095703125,1566.52575683594,1075.15161132812,10778.8828125,1779.2333984375,11385.0986328125,297.057556152344,323.329956054688,930.642456054688,8539.62109375,906.835998535156,282.219421386719,2399.58569335938
2024-12-27,78699.0703125,3952.36499023438,1565.98706054688,1075.75048828125,10821.32421875,1770.06323242188,11328.16015625,296.291809082031,323.861663818359,952.0078125,8591.7958984375,905.447631835938,286.482849121094,2406.97875976562
2024-12-30,78248.1328125,3943.830078125,1555.94836425781,1067.86340332031,10686.4814453125,1805.01257324219,11224.9140625,295.143249511719,320.28466796875,962.341125488281,8446.7646484375,891.465881347656,281.431610107422,2591.0048828125
2024-12-31,78139.0078125,3885.2744140625,1555.40979003906,1063.52038574219,10750.787109375,1795.04711914062,11350.46875,295.382507324219,322.314849853516,958.696960449219,8465.2783203125,893.74658203125,279.90234375,2526.66577148438
2025-01-01,78507.40625,3900.0673828125,1563.14685058594,1070.30932617188,11101.30078125,1790.18127441406,11378.0439453125,297.201110839844,322.508209228516,967.632507324219,8406.2744140625,897.9609375,278.326721191406,2553.59033203125
2025-01-02,79943.7109375,3967.8212890625,1576.564453125,1084.38659667969,11711.064453125,1844.68725585938,11717.7890625,301.891235351562,326.761901855469,991.244201660156,8725.4794921875,904.753601074219,281.431610107422,2594.35180664062
2025-01-03,79223.109375,3887.21801757812,1566.32995605469,1082.43957519531,11815.8330078125,1822.08947753906,11716.646484375,302.609161376953,328.550384521484,996.485717773438,8622.9580078125,906.885498046875,272.904815673828,2562.13208007812
2025-01-06,77964.9921875,3882.90356445312,1554.96899414062,1062.42224121094,11623.6591796875,1826.86169433594,11432.0009765625,292.941711425781,316.562683105469,968.131713867188,8485.427734375,892.953308105469,272.673065185547,2470.818359375
2025-01-07,78199.109375,3819.8427734375,1558.20104980469,1065.86669921875,11602.9814453125,1791.77185058594,11541.7060546875,292.128143310547,317.916137695312,982.109069824219,8471.5771484375,903.712341308594,272.256042480469,2521.27075195312
2025-01-08,78148.4921875,3895.04125976562,1565.98706054688,1073.25463867188,11691.7724609375,1809.0830078125,11325.328125,293.372467041016,314.532501220703,979.263610839844,8311.6875,895.134887695312,275.731597900391,2510.88061523438
2025-01-09,77620.2109375,3827.85595703125,1573.82214355469,1059.82653808594,11618.1689453125,1810.72045898438,11197.1416015625,292.223815917969,309.650390625,979.313598632812,8500.8154296875,883.235473632812,270.773071289062,2480.15942382812
2025-01-10,77378.90625,4044.91625976562,1581.80407714844,1039.11022949219,11497.521484375,1867.33178710938,10797.7236328125,286.959381103516,297.952728271484,936.083557128906,8429.7900390625,893.597900390625,278.604797363281,2371.76171875
2025-01-13,76330.0078125,4069.80810546875,1565.84020996094,1047.24682617188,11367.673828125,1857.64697265625,10545.275390625,275.234100341797,288.333557128906,939.927368164062,8269.8505859375,875.748718261719,270.495025634766,2221.75341796875
2025-01-14,76499.6328125,4014.76098632812,1566.96630859375,1048.14538574219,11617.0302734375,1697.35729980469,10413.9580078125,277.579162597656,300.514617919922,959.445739746094,8286.15234375,898.258422851562,271.468200683594,2379.90405273438
2025-01-15,76724.078125,4028.79516601562,1574.80151367188,1025.68188476562,11813.013671875,1708.53955078125,10458.1767578125,285.858642578125,310.568786621094,960.344360351562,8248.4033203125,896.57275390625,271.143829345703,2383.30102539062
2025-01-16,77042.8203125,3990.43823242188,1597.81701660156,1038.51098632812,11964.4775390625,1676.53747558594,10575.185546875,284.901519775391,314.774169921875,973.872375488281,8251.4326171875,898.952575683594,266.973083496094,2424.7119140625
2025-01-17,76619.328125,3984.25732421875,1593.8505859375,989.640563964844,11983.8681640625,1691.51928710938,10519.2900390625,289.591613769531,315.547576904297,969.878845214844,8254.3662109375,900.588806152344,261.226745605469,2395.1396484375
2025-01-20,77073.4375,3937.17846679688,1607.31713867188,986.645446777344,11887.85546875,1697.37976074219,10557.19921875,293.324645996094,324.876739501953,969.030212402344,8215.2236328125,911.744506835938,278.187713623047,2435.9013671875
2025-01-21,75838.359375,3896.0390625,1592.38146972656,968.175476074219,11755.3359375,1703.00378417969,10598.6865234375,289.352325439453,313.469024658203,958.796813964844,8141.84228515625,918.685852050781,276.473114013672,2382.80151367188
2025-01-22,76404.9921875,4011.58666992188,1597.9150390625,958.29150390625,11893.8896484375,1727.29577636719,10626.7080078125,285.092926025391,311.728912353516,970.927185058594,8137.17724609375,911.992431640625,286.4365234375,2374.009765625
2025-01-23,76520.3828125,4003.57153320312,1602.42016601562,950.104858398438,11917.583984375,1706.92626953125,11350.716796875,281.694976806641,312.889007568359,969.329772949219,8078.8955078125,922.057312011719,294.4072265625,2386.44799804688
2025-01-24,76190.4609375,4008.9794921875,1610.01049804688,946.760314941406,11844.869140625,1695.30017089844,11216.5185546875,283.082916259766,312.937347412109,948.912841796875,8082.69482421875,924.437255859375,296.631622314453,2315.81469726562
2025-01-27,75366.171875,3926.79711914062,1569.75769042969,946.361022949219,11862.3310546875,1617.36669921875,11169.267578125,274.755523681641,311.342224121094,924.452453613281,8059.80419921875,912.785705566406,285.509643554688,2257.36987304688
2025-01-28,75901.40625,3898.06689453125,1585.42785644531,982.502136230469,11993.3662109375,1601.01452636719,11210.5556640625,271.692596435547,307.378540039062,932.938720703125,8071.537109375,908.521728515625,286.927551269531,2284.69409179688
2025-01-29,76532.9609375,3955.91357421875,1566.52575683594,981.703430175781,11845.2158203125,1625.16479492188,11472.6435546875,275.473358154297,310.5205078125,946.916076660156,8297.5009765625,929.89111328125,295.198364257812,2316.56396484375
2025-01-30,76759.8125,3961.8046875,1606.63146972656,983.400756835938,11868.9599609375,1619.91870117188,11414.9091796875,282.604309082031,312.357330322266,955.601989746094,8421.421875,943.4267578125,292.362640380859,2250.52612304688
2025-01-31,77500.5703125,3968.12963867188,1593.21398925781,984.798461914062,12176.8837890625,1630.6943359375,11430.80859375,288.921661376953,315.913452148438,990.54541015625,8512.4521484375,936.534973144531,294.914794921875,2287.94116210938
2025-02-01,77500.5703125,3968.12963867188,1593.21398925781,984.798461914062,12176.8837890625,1630.6943359375,11430.80859375,288.921661376953,315.913452148438,990.54541015625,8512.4521484375,936.534973144531,294.914794921875,2287.94116210938
2025-02-03,77186.7421875,3927.85961914062,1617.99243164062,987.943298339844,12995.0478515625,1599.3603515625,11103.0869140625,271.740447998047,303.150238037109,1011.06213378906,8602.6640625,926.370910644531,296.332672119141,2259.66772460938
2025-02-04,78583.8125,3972.66845703125,1627.0517578125,1013.80133056641,12969.6708984375,1638.63427734375,11452.421875,273.511199951172,310.944580078125,1046.40490722656,8580.640625,936.287109375,298.932098388672,2300.32934570312
2025-02-05,78271.28125,3950.50537109375,1626.36608886719,1011.75463867188,12954.287109375,1618.97375488281,11511.8447265625,272.936889648438,311.334259033203,1058.98449707031,8587.7568359375,941.8896484375,299.735534667969,2322.55810546875
2025-02-06,78058.15625,3942.73120117188,1586.16247558594,1018.89300537109,12937.2216796875,1629.32373046875,11402.2890625,269.203918457031,304.709106445312,1063.626953125,8513.125,939.9560546875,300.491729736328,2308.82104492188
2025-02-07,77860.1875,3891.21044921875,1643.21166992188,1022.13775634766,12907.1953125,1631.49792480469,11576.5849609375,269.494445800781,308.703735351562,1077.654296875,8652.001953125,973.919006347656,300.633514404297,2336.29516601562
2025-02-10,77311.796875,3897.1494140625,1657.951171875,1009.95751953125,12761.271484375,1638.01977539062,11459.4267578125,260.198181152344,302.322082519531,1066.37255859375,8538.8046875,951.409301757812,301.436981201172,2288.59033203125
2025-02-11,76293.6015625,3828.48706054688,1661.03637695312,1006.21362304688,12581.9091796875,1628.04772949219,11229.486328125,253.225997924805,297.840393066406,1052.39514160156,8425.7021484375,947.046142578125,295.765533447266,2319.91088867188
2025-02-12,76171.078125,3814.77416992188,1676.31469726562,1005.31512451172,12527.79296875,1623.13256835938,11407.2578125,249.158874511719,298.376220703125,1037.91857910156,8374.6337890625,948.682312011719,293.213409423828,2350.93139648438
2025-02-13,76138.96875,3775.08325195312,1678.42053222656,1006.61297607422,12532.888671875,1609.19055175781,11470.408203125,250.901916503906,299.058258056641,1045.45642089844,8363.0927734375,961.573364257812,291.606475830078,2243.2333984375
2025-02-14,75939.2109375,3797.921875,1681.75036621094,995.131652832031,12533.9765625,1617.08312988281,11186.6572265625,249.207290649414,292.530517578125,1022.59344482422,8168.673828125,955.574096679688,291.228393554688,2150.7705078125
2025-02-17,75996.859375,3769.578125,1641.00805664062,991.737182617188,12622.2724609375,1616.04333496094,11409.79296875,254.823776245117,294.722625732422,1046.20520019531,8207.4326171875,965.738159179688,288.723510742188,2223.35180664062
2025-02-18,75967.390625,3736.79223632812,1634.00537109375,992.236328125,12649.6767578125,1630.26904296875,11251.8935546875,258.309875488281,303.393829345703,1022.54351806641,8117.98974609375,970.597106933594,295.009338378906,2217.357421875
2025-02-19,75939.1796875,3651.71264648438,1611.96911621094,1009.75787353516,12543.771484375,1617.22497558594,11217.859375,254.823776245117,306.609008789062,1034.27453613281,8157.95166015625,968.911315917969,296.852508544922,2177.8447265625
2025-02-20,75735.9609375,3648.42919921875,1611.28356933594,1015.34875488281,12304.5546875,1595.72106933594,11208.8662109375,257.389923095703,316.790313720703,1046.00549316406,8298.607421875,973.324035644531,296.001861572266,2176.59594726562
2025-02-21,75311.0625,3655.96166992188,1604.62377929688,1006.96234130859,12188.5087890625,1607.67822265625,11087.93359375,253.468078613281,317.569763183594,1041.462890625,8179.25341796875,973.373596191406,289.479675292969,2133.38671875
2025-02-24,74454.40625,3548.91186523438,1567.79895019531,1007.96075439453,12214.82421875,1554.32067871094,10973.7568359375,250.950332641602,311.870147705078,1027.93481445312,8130.39697265625,958.400207519531,278.845733642578,2113.50537109375
2025-02-25,74602.1171875,3506.61376953125,1607.7578125,1007.611328125,12345.3642578125,1547.13696289062,10899.330078125,247.803161621094,310.749694824219,1032.078125,8096.49560546875,950.814270019531,275.348327636719,2128.0419921875
2025-02-27,74612.4296875,3488.50659179688,1615.69079589844,1014.64990234375,12252.3193359375,1541.89099121094,10354.982421875,248.045272827148,307.631988525391,1044.60791015625,7918.619140625,966.234008789062,278.514892578125,2107.86108398438
2025-02-28,73198.1015625,3364.46020507812,1537.24206542969,1014.20062255859,11817.3662109375,1488.6748046875,10050.263671875,242.719284057617,302.955413818359,987.3505859375,7604.3193359375,943.922546386719,262.44580078125,2091.07690429688
2025-03-03,73085.9375,3376.67626953125,1561.72668457031,1005.26519775391,11642.654296875,1486.73742675781,10276.677734375,244.559188842773,306.414093017578,982.608276367188,7415.81640625,968.118041992188,268.070037841797,2114.8544921875
2025-03-04,72989.9296875,3411.53857421875,1543.46118164062,1000.02374267578,11492.7724609375,1451.76416015625,10310.7119140625,246.011734008789,305.780853271484,986.302307128906,7056.2177734375,966.382751464844,264.525360107422,2144.67602539062
2025-03-05,73730.2265625,3427.66625976562,1583.27319335938,1013.55169677734,11490.7939453125,1486.35925292969,10397.51171875,256.518432617188,318.203033447266,970.128479003906,7135.41845703125,994.395935058594,269.393341064453,2242.73388671875
2025-03-06,74340.09375,3476.29028320312,1593.31188964844,1032.27124023438,11545.0576171875,1498.31616210938,10422.8515625,258.019378662109,329.066375732422,969.4794921875,7178.07177734375,1002.03143310547,270.102233886719,2251.02563476562
2025-03-07,74332.578125,3487.4921875,1597.81701660156,1035.86547851562,11540.8037109375,1472.93713378906,10513.0791015625,254.872192382812,320.88232421875,935.284912109375,7274.005859375,1002.67596435547,269.157012939453,2244.68188476562
2025-03-10,74115.171875,3465.08813476562,1596.10314941406,1033.96850585938,11443.8017578125,1464.43005371094,10448.1416015625,262.812744140625,320.687469482422,899.143432617188,7101.18017578125,1004.75836181641,265.517852783203,2227.1982421875
2025-03-11,74102.3203125,3452.34057617188,1626.95373535156,1023.88494873047,11521.9580078125,1482.24768066406,10373.2158203125,258.890899658203,321.710479736328,654.88916015625,7211.01123046875,1010.46020507812,262.729400634766,2248.22827148438
2025-03-12,74029.7578125,3383.48486328125,1608.73718261719,1009.35852050781,11514.5869140625,1453.93811035156,10452.4140625,258.648803710938,321.613067626953,683.592651367188,7222.84130859375,1001.634765625,253.702362060547,2239.48681640625
2025-03-13,73828.90625,3391.9345703125,1599.18823242188,1008.50994873047,11385.6796875,1450.48803710938,10382.65625,259.132965087891,323.171905517578,671.013000488281,7221.25439453125,992.611022949219,249.496047973633,2219.85498046875
2025-03-17,74169.953125,3377.3525390625,1605.60314941406,1032.27124023438,11434.0068359375,1460.93273925781,10481.330078125,258.842437744141,323.074493408203,675.855163574219,7198.46044921875,996.627136230469,245.573287963867,2249.87670898438
2025-03-18,75301.2578125,3430.85327148438,1594.58508300781,1043.90222167969,11594.96875,1473.1259765625,10632.0244140625,262.231719970703,328.725341796875,680.597473144531,7315.02490234375,1009.96435546875,247.085662841797,2306.47338867188
2025-03-19,75449.046875,3377.25610351562,1602.90991210938,1050.49157714844,11496.8779296875,1458.94775390625,10865.7919921875,268.187133789062,332.427673339844,691.230224609375,7428.51171875,1023.64874267578,251.197463989258,2318.96166992188
2025-03-20,76348.0625,3440.6552734375,1669.8017578125,1051.78942871094,11610.5009765625,1475.30017089844,10881.1455078125,271.092224121094,332.866119384766,682.694091796875,7617.1591796875,1041.25,253.277008056641,2336.8447265625
2025-03-21,76905.5078125,3456.68627929688,1690.71179199219,1069.41088867188,11614.111328125,1481.77490234375,10909.8125,274.045715332031,342.121856689453,684.640930175781,7774.6455078125,1050.27380371094,249.874145507812,2361.07202148438
2025-03-24,77984.3828125,3507.04833984375,1682.87658691406,1096.21728515625,11795.453125,1516.22814941406,10981.16015625,282.664123535156,357.905334472656,668.067810058594,7820.6171875,1052.20739746094,254.647583007812,2367.51586914062
2025-03-25,78017.1875,3532.3017578125,1697.958984375,1117.7822265625,11770.17578125,1537.16467285156,11356.033203125,281.937835693359,357.710510253906,636.269287109375,7703.2353515625,1052.95104980469,256.254516601562,2317.61279296875
2025-03-26,77288.5,3510.86279296875,1701.72973632812,1093.82116699219,11606.345703125,1543.82861328125,11327.513671875,282.131530761719,345.044738769531,654.988952636719,7668.708984375,1047.24926757812,252.615341186523,2310.26977539062
2025-03-27,77606.4296875,3526.458984375,1687.82250976562,1096.71643066406,11596.4033203125,1537.68469238281,11515.4716796875,285.569213867188,351.523742675781,672.510559082031,7670.583984375,1051.21569824219,257.152465820312,2357.5751953125
2025-03-28,77414.921875,3480.87744140625,1695.26574707031,1100.11096191406,11398.3427734375,1503.79833984375,11432.0009765625,281.260009765625,348.454742431641,648.499450683594,7573.20654296875,1054.04174804688,247.747360229492,2319.56103515625
2025-04-01,76024.5078125,3428.63232421875,1688.36120605469,1083.58776855469,11352.9326171875,1445.66748046875,11304.658203125,280.097991943359,343.096130371094,681.645751953125,7687.94384765625,1047.05090332031,248.267211914062,2333.34790039062
2025-04-02,76617.4375,3423.46557617188,1718.5751953125,1083.08862304688,11589.873046875,1443.77685546875,11184.4716796875,277.628692626953,342.8525390625,701.264038085938,7762.67138671875,1047.69555664062,249.212478637695,2366.96630859375
2025-04-03,76295.359375,3287.20288085938,1709.71179199219,1087.98071289062,11557.9677734375,1390.23022460938,11534.650390625,289.684692382812,349.623901367188,708.252685546875,7610.95556640625,1034.15991210938,242.359481811523,2409.57641601562
2025-04-04,75364.6875,3186.33349609375,1707.31225585938,1087.73095703125,11358.8681640625,1343.91442871094,11424.4990234375,284.503997802734,341.439880371094,681.146606445312,7394.1767578125,998.759094238281,232.76530456543,2332.39892578125
2025-04-07,73137.8984375,3164.26708984375,1653.05432128906,1047.24682617188,11206.2177734375,1299.96179199219,11122.1171875,280.194793701172,341.001403808594,675.106384277344,7029.529296875,921.710266113281,229.551498413086,2211.21337890625
2025-04-08,74227.078125,3180.6357421875,1684.54150390625,1075.75048828125,11333.888671875,1326.33325195312,11205.6865234375,279.662200927734,343.875579833984,678.151428222656,7211.30029296875,946.748657226562,233.710525512695,2283.59521484375
2025-04-09,73847.1484375,3134.81274414062,1680.33020019531,1059.92626953125,11339.478515625,1304.82958984375,11321.25390625,284.019805908203,339.783569335938,677.302856445312,7283.8642578125,938.319885253906,223.690979003906,2235.34057617188
2025-04-11,75157.2578125,3121.48583984375,1721.07275390625,1067.61376953125,11478.8232421875,1314.14013671875,11433.6416015625,294.478118896484,350.841735839844,687.636047363281,7470.49169921875,982.347778320312,226.668502807617,2319.56103515625
2025-04-15,76734.890625,3136.35791015625,1761.66809082031,1112.24133300781,11725.5087890625,1348.49890136719,11644.2548828125,294.817047119141,353.180053710938,734.659851074219,7685.5390625,1000.04821777344,230.733032226562,2416.41967773438
2025-04-16,77044.2890625,3160.54907226562,1785.41821289062,1159.6640625,11539.6162109375,1353.74462890625,11652.900390625,296.172760009766,350.062286376953,786.975158691406,7656.97509765625,1000.94067382812,233.946838378906,2412.873046875
2025-04-17,78553.203125,3185.85083007812,1850.25341796875,1188.71691894531,11566.376953125,1359.2744140625,11827.990234375,299.029388427734,354.738922119141,793.115234375,7711.07373046875,998.759094238281,223.927307128906,2415.77026367188
2025-04-21,79408.5,3207.724609375,1844.76879882812,1219.8662109375,11619.7998046875,1399.02075195312,11858.1484375,309.826599121094,355.031219482422,826.710754394531,7933.2861328125,1025.03698730469,225.392425537109,2440.39697265625
2025-04-22,79595.59375,3204.29638671875,1813.8203125,1215.12390136719,11608.17578125,1399.02075195312,11884.2333984375,302.709167480469,351.134033203125,786.376159667969,7825.42578125,1035.49865722656,221.375152587891,2442.4453125
2025-04-23,80116.4921875,3295.31469726562,1842.90808105469,1204.54113769531,11783.482421875,1506.96508789062,11872.8564453125,304.936401367188,354.397888183594,792.616027832031,7941.36474609375,1030.29260253906,230.26042175293,2450.98706054688
2025-04-24,79801.4296875,3284.6435546875,1806.76892089844,1205.33984375,11773.638671875,1499.97033691406,12086.5009765625,304.355377197266,353.715881347656,818.324401855469,7886.64111328125,1036.09350585938,229.456954956055,2439.248046875
2025-04-25,79212.53125,3329.16333007812,1776.79956054688,1163.40795898438,11561.03515625,1492.78662109375,12142.2470703125,296.560089111328,347.139434814453,820.920166015625,7728.04833984375,1015.86444091797,227.613754272461,2345.23681640625
2025-04-28,80218.3671875,3325.49340820312,1783.36157226562,1190.76354980469,11724.1240234375,1481.40893554688,12031.9462890625,298.884124755859,351.913482666016,829.10693359375,7787.05224609375,1045.66271972656,227.330169677734,2367.11645507812
2025-04-29,80288.3828125,3352.48510742188,1786.25061035156,1186.27075195312,11720.462890625,1502.44348144531,11792.16796875,293.654998779297,348.065002441406,835.94580078125,7770.4619140625,1028.30932617188,228.228134155273,2328.75244140625
2025-04-30,80242.2421875,3312.07006835938,1825.27905273438,1181.97778320312,12129.544921875,1495.416015625,11565.90234375,296.947418212891,345.385711669922,837.093994140625,7721.84521484375,1019.68225097656,228.275405883789,2295.53369140625
2025-05-02,80501.9921875,3325.73510742188,1813.8203125,1180.23059082031,12276.6064453125,1506.74609375,11569.7783203125,294.4296875,339.832244873047,850.871643066406,7533.2939453125,964.002807617188,229.456954956055,2290.98803710938
2025-05-05,80796.84375,3336.69555664062,1826.99304199219,1171.54467773438,12330.8701171875,1500.24438476562,11587.763671875,298.787261962891,339.588684082031,845.380554199219,7615.138671875,947.938598632812,230.024108886719,2450.3876953125
2025-05-06,80641.0703125,3340.36547851562,1861.95715332031,1159.11499023438,12443.35546875,1509.8056640625,11618.8662109375,297.964202880859,332.963531494141,830.354919433594,7638.99072265625,959.094299316406,227.897323608398,2351.08129882812
2025-05-07,80746.78125,3327.08715820312,1856.8642578125,1159.96350097656,12494.20703125,1494.07751464844,11583.0439453125,301.401885986328,333.401977539062,831.852478027344,7546.66259765625,957.854797363281,230.685775756836,2353.22924804688
2025-05-08,80334.8125,3329.259765625,1834.09350585938,1169.29833984375,12257.9580078125,1509.8056640625,11555.96484375,298.109466552734,331.014984130859,824.01513671875,7432.55029296875,944.815002441406,228.039093017578,2283.34521484375
2025-05-09,79454.46875,3324.18969726562,1810.14758300781,1151.47741699219,12121.4326171875,1501.00927734375,11301.92578125,290.072082519531,325.997344970703,816.527282714844,7389.6083984375,948.830993652344,228.653503417969,2249.62719726562
2025-05-12,82429.8984375,3496.18408203125,1833.60388183594,1202.14501953125,12480.603515625,1596.38208007812,11664.576171875,299.271484375,339.73486328125,787.37451171875,7731.41455078125,996.676696777344,243.304718017578,2422.36401367188
2025-05-13,81148.21875,3395.41162109375,1783.41040039062,1192.01147460938,12350.755859375,1549.34106445312,11590.1484375,289.103698730469,332.963531494141,769.104064941406,7764.16259765625,981.653686523438,237.869583129883,2438.59887695312
2025-05-14,81330.5625,3427.37670898438,1796.58312988281,1193.60900878906,12536.5986328125,1565.88195800781,11600.7802734375,286.682800292969,330.138092041016,780.285949707031,7792.0048828125,980.959533691406,239.145660400391,2458.82934570312
2025-05-15,82530.7421875,3457.98974609375,1828.31530761719,1205.58947753906,12808.95703125,1621.62365722656,11814.1279296875,290.120513916016,333.158386230469,779.038024902344,8009.74462890625,1029.30090332031,242.453994750977,2516.275390625
2025-05-16,82330.59375,3440.80004882812,1776.94653320312,1206.33813476562,12855.158203125,1586.91650390625,11826.5,290.798309326172,334.327514648438,781.034790039062,8162.51953125,1013.28631591797,240.374481201172,2552.79077148438
2025-05-19,82059.421875,3398.55004882812,1779.93371582031,1200.69738769531,12849.1728515625,1577.259765625,11841.7529296875,294.478118896484,336.276123046875,782.781921386719,8507.69140625,1011.05517578125,237.916854858398,2537.85522460938
2025-05-20,81186.4375,3378.12524414062,1771.31506347656,1193.20947265625,12510.580078125,1566.35998535156,11619.859375,288.571136474609,333.645538330078,780.735290527344,8237.19921875,1004.21301269531,236.0263671875,2497.74291992188
2025-05-21,81596.6328125,3404.10278320312,1784.73266601562,1195.80529785156,12478.080078125,1579.1240234375,11586.4228515625,286.779632568359,337.250396728516,769.852844238281,8359.24609375,991.916931152344,237.160659790039,2498.39233398438
2025-05-22,80951.9921875,3359.72802734375,1793.98779296875,1185.97131347656,12312.8642578125,1562.24865722656,11605.103515625,281.792602539062,332.768676757812,783.830200195312,8399.6865234375,997.122924804688,232.481719970703,2482.45727539062
2025-05-23,81721.078125,3393.52856445312,1794.33056640625,1208.13525390625,12319.0478515625,1575.92126464844,11666.6640625,288.619537353516,335.642822265625,792.06689453125,8403.7744140625,1000.04821777344,233.899597167969,2536.60620117188
2025-05-26,82176.453125,3416.75366210938,1809.02124023438,1213.27685546875,12283.185546875,1600.01525878906,11614.8916015625,287.312255859375,334.571105957031,798.955749511719,8611.2236328125,1023.10339355469,236.498992919922,2543.849609375
2025-05-27,81551.6328125,3378.94604492188,1805.98522949219,1193.95825195312,12285.3623046875,1579.98461914062,11349.0771484375,285.423950195312,329.89453125,819.722106933594,8618.8701171875,1005.35333251953,234.655776977539,2538.35473632812
2025-05-28,81312.3203125,3378.22143554688,1817.78686523438,1192.31103515625,12197.9072265625,1584.90869140625,11165.740234375,281.986297607422,331.258483886719,803.448486328125,8509.9033203125,991.768188476562,233.899597167969,2512.07934570312
2025-05-29,81633.0234375,3377.30395507812,1825.37707519531,1199.94860839844,12253.5556640625,1591.84057617188,11195.4521484375,283.923004150391,330.576507568359,822.817138671875,8533.8994140625,997.618713378906,236.498992919922,2537.85522460938
2025-05-30,81451.0078125,3345.72509765625,1818.521484375,1190.11462402344,12185.935546875,1565.69067382812,11126.6875,280.727386474609,325.656341552734,815.778442382812,8279.419921875,985.471374511719,236.0263671875,2517.224609375
2025-06-02,81373.75,3331.529296875,1816.70947265625,1193.25939941406,12159.0263671875,1560.19311523438,11118.4892578125,283.729309082031,324.097473144531,811.23583984375,8186.3232421875,970.79541015625,234.135894775391,2516.77490234375
2025-06-03,80737.5078125,3288.31323242188,1803.53674316406,1179.7314453125,11997.5205078125,1558.71105957031,10978.3779296875,279.129608154297,319.810607910156,798.955749511719,8236.3818359375,965.490234375,232.718032836914,2469.26977539062
2025-06-04,80998.25,3293.67211914062,1836.29724121094,1169.14868164062,12034.2744140625,1554.26501464844,10966.65234375,279.468566894531,320.833587646484,813.232604980469,8234.6015625,960.532165527344,233.379699707031,2488.951171875
2025-06-05,81442.0390625,3285.29296875,1839.77404785156,1156.76879882812,11993.8603515625,1560.47973632812,11088.77734375,284.939758300781,320.200347900391,801.801086425781,8232.0537109375,960.532165527344,234.372207641602,2501.58935546875
2025-06-06,82188.9921875,3298.68969726562,1830.763671875,1193.25939941406,12326.5673828125,1565.54724121094,11175.3291015625,286.489166259766,324.292358398438,821.86865234375,8307.5029296875,996.081726074219,234.986618041992,2532.60986328125
2025-06-09,82445.2109375,3335.71313476562,1827.09106445312,1217.86938476562,12502.9130859375,1576.16015625,11187.8994140625,291.0888671875,328.43310546875,835.197021484375,8309.7158203125,999.80029296875,237.53874206543,2579.515625
2025-06-10,82391.71875,3374.49047851562,1818.521484375,1230.89819335938,12400.171875,1594.75659179688,11318.0732421875,291.621429443359,330.527801513672,844.931274414062,8290.9130859375,994.098449707031,240.89436340332,2611.23583984375
2025-06-11,82515.140625,3382.91796875,1821.01879882812,1229.55053710938,12318.603515625,1646.05249023438,11394.091796875,286.101806640625,329.358642578125,834.747741699219,8383.9130859375,998.412048339844,244.76985168457,2578.56665039062
2025-06-12,81691.9765625,3345.69970703125,1806.03430175781,1210.73107910156,12249.994140625,1627.40808105469,11243.7451171875,279.662200927734,324.876953125,828.408020019531,8238.833984375,987.504150390625,245.242462158203,2538.75415039062
2025-06-13,81118.6015625,3358.51196289062,1804.17333984375,1203.99194335938,12278.8330078125,1620.47619628906,11149.990234375,276.660339355469,323.464202880859,815.229370117188,8140.06201171875,978.777954101562,245.951400756836,2505.529296875
2025-06-16,81796.1484375,3405.52221679688,1822.9287109375,1213.67626953125,12401.3095703125,1647.43884277344,11423.6044921875,279.516967773438,325.169189453125,819.77197265625,8203.6826171875,994.792602539062,248.550811767578,2545.81127929688
2025-06-17,81583.296875,3424.91064453125,1816.95434570312,1214.72448730469,12460.767578125,1654.22717285156,11311.6650390625,279.468566894531,326.728057861328,807.841369628906,8169.73291015625,991.371520996094,248.456268310547,2486.78784179688
2025-06-18,81444.65625,3363.48071289062,1826.69934082031,1218.91772460938,12605.5537109375,1640.41137695312,11332.333984375,278.354919433594,323.951354980469,849.224304199219,8154.77734375,977.984680175781,247.227447509766,2457.201171875
2025-06-19,81361.8671875,3336.2490234375,1836.93383789062,1215.42346191406,12669.3154296875,1638.69030761719,11336.109375,277.241302490234,321.272064208984,836.1455078125,8171.2236328125,986.7109375,250.961166381836,2418.11840820312
2025-06-20,82408.171875,3346.08984375,1897.01904296875,1218.16906738281,12669.3154296875,1663.40588378906,11371.0380859375,283.826171875,326.728057861328,838.940979003906,8253.2685546875,998.164123535156,251.764617919922,2448.00537109375
2025-06-23,81896.7890625,3306.19189453125,1896.13757324219,1212.27856445312,12566.376953125,1628.50756835938,11374.3173828125,281.114715576172,325.120513916016,839.040832519531,8170.4345703125,988.148742675781,248.692596435547,2470.29516601562
2025-06-24,82055.109375,3303.07397460938,1892.95458984375,1218.86779785156,12475.755859375,1617.27319335938,11506.23046875,276.853942871094,322.100219726562,830.504638671875,8260.072265625,998.511169433594,250.441284179688,2505.82934570312
2025-06-25,82755.5078125,3357.09887695312,1925.02954101562,1210.83093261719,12629.9404296875,1641.31958007812,11659.2607421875,281.260009765625,322.295043945312,828.358154296875,8271.857421875,1016.26116943359,254.647583007812,2525.77026367188
2025-06-26,83755.8671875,3353.20190429688,1972.67651367188,1232.34582519531,12580.57421875,1648.06030273438,11869.5263671875,284.116638183594,328.481781005859,834.548095703125,8315.5908203125,1023.74786376953,253.65510559082,2584.84399414062
2025-06-27,84058.8984375,3354.66357421875,1986.09411621094,1223.21069335938,12509.7880859375,1649.39868164062,12157.8486328125,290.120513916016,329.26123046875,856.362731933594,8325.255859375,1020.47552490234,250.535781860352,2647.16625976562
2025-06-30,83606.4609375,3372.10327148438,1967.9755859375,1197.05322265625,12266.466796875,1651.88464355469,11996.2724609375,290.314147949219,326.338348388672,870.390014648438,8260.0234375,1010.85687255859,251.433776855469,2617.62939453125
2025-07-01,83697.2890625,3341.31567382812,1977.62243652344,1171.54467773438,12310.0947265625,1642.80151367188,12127.689453125,288.232208251953,324.048767089844,877.927795410156,8280.0908203125,1020.72338867188,249.968673706055,2619.02856445312
2025-07-02,83409.6875,3335.3720703125,1990.697265625,1173.14221191406,12489.6552734375,1642.70593261719,12359.419921875,285.520782470703,325.023071289062,856.762145996094,8238.6240234375,1051.51318359375,252.331771850586,2626.5751953125
2025-07-03,83239.46875,3313.35302734375,1975.85949707031,1168.39990234375,12616.189453125,1635.63073730469,12315.548828125,284.407196044922,326.192199707031,861.05517578125,8267.7646484375,1036.6884765625,252.473541259766,2610.08276367188
2025-07-04,83432.890625,3333.03369140625,1975.85949707031,1176.6435546875,12513.5966796875,1649.6376953125,12426.7919921875,284.794525146484,326.874206542969,854.815246582031,8314.3583984375,1032.72192382812,255.261993408203,2597.7880859375
2025-07-07,83442.5,3324.26513671875,1990.64831542969,1174.54504394531,12387.1630859375,1635.48742675781,12270.4833984375,286.634429931641,328.968933105469,853.068115234375,8343.794921875,1033.96154785156,252.993423461914,2572.29956054688
2025-07-08,83712.5078125,3318.80932617188,1988.44470214844,1164.5029296875,12287.142578125,1633.71826171875,12365.1337890625,288.425872802734,334.376281738281,849.324157714844,8228.7138671875,1038.33642578125,254.789398193359,2590.19165039062
2025-07-09,83536.078125,3297.37451171875,1976.39819335938,1163.80334472656,12335.37109375,1600.58898925781,12485.22265625,290.120513916016,334.960815429688,839.440124511719,8242.0263671875,1034.60791015625,253.04069519043,2581.19580078125
2025-07-10,83190.28125,3295.37719726562,1924.58874511719,1163.603515625,12512.7568359375,1590.35864257812,12424.3076171875,289.684692382812,332.525085449219,851.27099609375,8164.9609375,1036.89465332031,250.583084106445,2578.54663085938
2025-07-11,82500.46875,3181.48120117188,1882.279296875,1172.84643554688,12443.1083984375,1565.16479492188,12415.017578125,289.152160644531,333.742950439453,857.311218261719,7948.5068359375,1031.27685546875,243.91911315918,2561.20458984375
2025-07-14,82253.4609375,3140.36596679688,1882.81799316406,1172.54663085938,12381.7705078125,1548.86303710938,12434.2451171875,288.764770507812,333.158386230469,865.74755859375,7973.3076171875,1032.91748046875,240.232681274414,2582.34497070312
2025-07-15,82570.90625,3169.20532226562,1894.8154296875,1164.40295410156,12401.0126953125,1498.28442382812,12421.078125,288.958435058594,333.353240966797,879.674987792969,8189.95947265625,1029.93469238281,243.39924621582,2598.8876953125
2025-07-16,82634.4765625,3160.06469726562,1896.52941894531,1166.85107421875,12431.3349609375,1494.2685546875,12375.021484375,287.505920410156,333.791656494141,877.628295898438,8186.70556640625,1023.37237548828,248.314514160156,2605.83447265625
2025-07-17,82259.2421875,3136.65112304688,1890.11450195312,1158.95715332031,12344.7705078125,1476.34143066406,12417.8486328125,287.263854980469,333.742950439453,863.401306152344,8212.4921875,1027.49865722656,245.998657226562,2615.78002929688
2025-07-18,81757.7265625,3118.41870117188,1877.42419433594,1098.25390625,12289.962890625,1492.67456054688,12419.587890625,284.746063232422,333.255798339844,868.742736816406,8228.4677734375,1028.54260253906,252.284515380859,2595.08935546875
2025-07-21,82200.34375,3087.6728515625,1885.02844238281,1099.20324707031,12269.7802734375,1474.60705566406,12495.109375,287.554351806641,332.719970703125,857.211364746094,8322.3466796875,1028.04553222656,246.140426635742,2617.47924804688
2025-07-22,82186.8125,3088.99267578125,1882.60888671875,1097.20483398438,12363.5673828125,1465.06726074219,12375.7666015625,288.425872802734,332.086639404297,841.48681640625,8178.81640625,1024.86376953125,245.526031494141,2586.74291992188
2025-07-23,82726.640625,3108.15405273438,1919.19836425781,1104.29931640625,12490.595703125,1474.36596679688,12291.8974609375,289.781555175781,334.132690429688,849.923156738281,8277.8720703125,1027.69750976562,247.038421630859,2613.28125
2025-07-24,82184.171875,3079.60766601562,1912.5322265625,1094.40686035156,12419.9580078125,1452.10668945312,12220.7001953125,289.781555175781,330.138092041016,845.879760742188,8172.998046875,1027.74731445312,247.55827331543,2606.43432617188
2025-07-25,81463.09375,3064.16186523438,1913.51989746094,1086.06335449219,12267.751953125,1435.67736816406,12254.2001953125,282.567260742188,324.682098388672,822.367858886719,7952.1552734375,1020.73748779297,245.147933959961,2548.81005859375
2025-07-28,80891.0234375,3010.09985351562,1868.58532714844,1072.52368164062,12204.1884765625,1412.6953125,12236.5,282.712524414062,324.341033935547,800.852722167969,7975.03369140625,1022.92498779297,241.003509521484,2521.07250976562
2025-07-29,81337.953125,2988.10375976562,1894.16345214844,1064.67980957031,12341.0107421875,1419.7294921875,12217.7998046875,283.874572753906,325.851226806641,807.491882324219,8015.1689453125,1028.94030761719,242.738372802734,2547.06079101562
2025-07-30,81481.859375,2985.1708984375,1907.15002441406,1072.423828125,12487.478515625,1423.05407714844,12271.0498046875,279.952728271484,330.186828613281,800.403442382812,7932.876953125,1031.625,241.099884033203,2530.96826171875
2025-07-31,81185.578125,2969.33374023438,1889.42309570312,1067.47766113281,12499.4501953125,1413.94787597656,12238,281.744171142578,325.656341552734,797.557983398438,7896.1435546875,1041.61755371094,239.316818237305,2429.86328125
2025-08-01,80599.90625,2935.85083007812,1861.67236328125,1061.78198242188,12299.349609375,1400.07189941406,12105.5,281.986297607422,322.343780517578,782.432495117188,7928.83349609375,1021.23461914062,234.015808105469,2349.49926757812
2025-08-04,81018.71875,3006.04248046875,1891.25012207031,1067.62744140625,12363.849609375,1420.64501953125,12252.849609375,278.887512207031,323.561645507812,802.599853515625,8070.9833984375,1050.11877441406,237.148223876953,2363.19311523438
2025-08-05,80710.25,2993.578125,1905.76745605469,1069.72595214844,12524.5,1428.35388183594,12297.2998046875,276.902374267578,324.925598144531,817.875122070312,8115.90087890625,1047.43408203125,237.003631591797,2329.05834960938
2025-08-06,80543.9921875,2963.71240234375,1905.66870117188,1069.87573242188,12525.150390625,1408.6962890625,12225.4501953125,275.788757324219,323.756469726562,801.85107421875,8063.58740234375,1046.68835449219,231.317092895508,2299.37158203125
2025-08-07,80623.2578125,2978.9140625,1900.4345703125,1076.07104492188,12625.599609375,1422.66870117188,12276.150390625,276.611877441406,321.515625,806.243957519531,8118.7119140625,1060.90673828125,233.678451538086,2248.59448242188
2025-08-08,79857.7890625,2966.54760742188,1835.60034179688,1056.53601074219,12578.900390625,1421.75305175781,12154.099609375,275.885589599609,325.997344970703,781.484069824219,8106.18798828125,1043.20837402344,230.883377075195,2177.07641601562
2025-08-11,80604.078125,2972.26635742188,1833.97094726562,1072.7236328125,12583.7998046875,1438.13452148438,12404.7001953125,275.885589599609,327.604919433594,782.033142089844,8157.22021484375,1046.73815917969,232.955581665039,2282.279296875
2025-08-12,80235.59375,2967.52490234375,1827.15673828125,1068.47692871094,12837.849609375,1444.83154296875,12453.7998046875,275.643524169922,331.404632568359,781.284362792969,8081.97900390625,1042.01525878906,232.955581665039,2290.02587890625
2025-08-13,80539.90625,2967.62280273438,1844.78491210938,1065.47924804688,12830.7001953125,1445.79528808594,12396.650390625,279.323303222656,331.209808349609,772.2490234375,8136.16650390625,1047.68273925781,232.90739440918,2279.88037109375
2025-08-14,80597.65625,2954.2294921875,1850.16711425781,1066.67822265625,12920.4501953125,1434.71362304688,12297.849609375,279.516967773438,330.576507568359,768.554992675781,8095.4892578125,1039.181640625,237.822891235352,2281.02978515625
2025-08-18,81273.75,2944.50244140625,1869.37548828125,1081.31701660156,14075.2998046875,1433.12365722656,12764.5,281.356842041016,327.556243896484,787.224731445312,8468.93359375,1074.23034667969,236.280776977539,2333.25659179688
2025-08-19,81644.390625,2948.6083984375,1885.86779785156,1082.41613769531,14248.5,1423.583984375,12855.7001953125,280.092559814453,326.338348388672,784.279479980469,8673.2587890625,1067.27026367188,238.015655517578,2384.63354492188
2025-08-20,81857.84375,3028.03881835938,1904.23669433594,1079.01867675781,14211.75,1441.892578125,12871.25,280.432922363281,333.158386230469,777.041259765625,8703.779296875,1076.41772460938,241.82275390625,2385.93286132812
2025-08-21,82000.7109375,3031.75390625,1906.16247558594,1078.46923828125,14282.400390625,1438.51977539062,12864.7998046875,276.202362060547,330.138092041016,766.30859375,8564.982421875,1066.07702636719,240.907119750977,2376.63696289062
2025-08-22,81306.8515625,2985.2685546875,1908.87829589844,1069.57604980469,14351.0498046875,1413.08068847656,12578.5498046875,275.570220947266,328.335662841797,758.720947265625,8556.55078125,1047.93127441406,239.60595703125,2323.61059570312
2025-08-25,81635.90625,3070.41821289062,1906.75500488281,1069.22631835938,14458.150390625,1449.84228515625,12604.650390625,276.348236083984,329.163787841797,770.75146484375,8629.3759765625,1051.70959472656,244.521438598633,2300.9208984375
2025-08-26,80786.5390625,3085.5712890625,1881.72009277344,1049.34167480469,14711.2998046875,1437.94165039062,12608.349609375,272.11767578125,324.682098388672,755.476196289062,8562.763671875,1041.51818847656,242.931137084961,2271.43408203125
2025-08-28,80080.5703125,3027.30590820312,1857.82080078125,1051.53991699219,14760.599609375,1396.98852539062,12524.2001953125,266.963195800781,322.441223144531,745.542297363281,8571.44140625,1029.984375,241.437225341797,2272.73364257812
2025-08-29,79809.6484375,3015.330078125,1865.67199707031,1044.74523925781,14789.9501953125,1402.48095703125,12637.25,267.789855957031,319.128601074219,738.703369140625,8510.84375,1020.98602294922,240.232452392578,2243.3466796875
2025-09-01,80364.4921875,3042.50732421875,1876.53527832031,1060.5830078125,14880.0498046875,1415.34521484375,12816.5,272.166320800781,322.392456054688,751.482666015625,8837.5966796875,1028.54260253906,241.29264831543,2281.9794921875
2025-09-02,80157.8828125,3042.45849609375,1865.27697753906,1054.88732910156,14846.4501953125,1411.63513183594,12728.900390625,278.779571533203,327.556243896484,750.134826660156,8906.0830078125,1037.59069824219,241.774566650391,2272.58374023438
2025-09-03,80567.7109375,3028.82104492188,1860.28967285156,1053.63818359375,14921,1412.83984375,12730,278.1474609375,325.753784179688,767.057434082031,8989.5576171875,1066.22619628906,240.569778442383,2286.52734375
2025-09-04,80718.0078125,3026.42602539062,1856.93200683594,1049.39147949219,14655.650390625,1390.62866210938,12654.5,274.257263183594,324.966461181641,753.429504394531,8941.583984375,1066.07702636719,236.088012695312,2277.43139648438
2025-09-05,80710.7578125,2980.18505859375,1872.83190917969,1055.38684082031,14904.5,1367.8876953125,12596.900390625,277.563934326172,323.490264892578,755.975402832031,8956.0302734375,1066.82275390625,234.979629516602,2282.07958984375
2025-09-08,80787.296875,2951.68798828125,1863.6474609375,1054.43762207031,15258.099609375,1351.93994140625,12667.349609375,275.035278320312,321.472717285156,749.236328125,9311.626953125,1095.35888671875,233.774841308594,2309.21728515625
2025-09-09,81101.3203125,2981.16284179688,1869.81982421875,1051.09033203125,15361.400390625,1375.98193359375,12570.400390625,276.056457519531,319.061584472656,744.843383789062,9250.98046875,1099.78344726562,240.087875366211,2310.7666015625
2025-09-10,81425.1484375,3040.50317382812,1867.20263671875,1069.92578125,15123.400390625,1411.39440917969,12482.599609375,275.132568359375,320.439392089844,749.935180664062,9114.7958984375,1095.1103515625,246.449081420898,2339.10375976562
2025-09-11,81548.7265625,3053.99438476562,1888.97875976562,1086.61279296875,15096.349609375,1414.42980957031,12382.4501953125,278.925476074219,325.852203369141,747.189636230469,8983.0498046875,1092.32629394531,244.762405395508,2399.17700195312
2025-09-12,81904.703125,3063.86840820312,1880.43615722656,1104.44921875,15324.900390625,1413.32153320312,12371.849609375,279.557647705078,326.491882324219,739.502075195312,8872.30859375,1092.9228515625,242.786560058594,2390.03125
2025-09-15,81785.7421875,3041.8232421875,1880.88061523438,1103.44995117188,15263.150390625,1412.64697265625,12429.0498046875,278.536437988281,325.999816894531,738.603515625,8901.3486328125,1094.16577148438,242.111892700195,2382.03466796875
2025-09-16,82380.6875,3075.01293945312,1915.74194335938,1120.3369140625,15571.349609375,1428.54650878906,12578.599609375,280.432922363281,329.788787841797,740.899780273438,8948.2890625,1108.88122558594,244.714202880859,2398.67724609375
2025-09-17,82693.7109375,3101.75048828125,1916.87768554688,1125.13317871094,15800.2998046875,1427.34204101562,12716.099609375,279.265869140625,331.068176269531,737.555236816406,8960.7626953125,1104.8046875,244.955154418945,2401.52612304688
2025-09-18,83013.9609375,3105.12329101562,1917.865234375,1132.07775878906,15818.650390625,1439.33898925781,12625.349609375,281.162353515625,331.560272216797,734.310485839844,8949.078125,1114.69787597656,247.557495117188,2400.7763671875
2025-09-19,82626.2265625,3098.86645507812,1937.96228027344,1135.07556152344,15870.900390625,1413.99609375,12519.25,278.439208984375,333.380950927734,742.097839355469,8843.4638671875,1116.68640136719,246.834625244141,2521.77197265625
2025-09-22,82159.96875,3005.21166992188,1931.4443359375,1143.31921386719,15808.349609375,1387.97863769531,12646.5,278.633728027344,333.922210693359,732.812866210938,8927.53125,1111.2177734375,241.29264831543,2628.77416992188
2025-09-23,82102.1015625,2993.77392578125,1915.00122070312,1169.84875488281,16097.9501953125,1377.76452636719,12400.7001953125,280.676055908203,337.61279296875,754.028503417969,8854.8046875,1132.296875,240.666152954102,2672.8046875
2025-09-24,81715.6328125,2968.16040039062,1906.06372070312,1157.90795898438,16246.5,1389.85766601562,12211.7998046875,285.247009277344,342.041442871094,739.502075195312,8706.7373046875,1142.73681640625,235.702499389648,2619.12866210938
2025-09-25,81159.6796875,2894.05810546875,1911.98913574219,1165.10241699219,16270.4501953125,1371.59741210938,12136.400390625,276.542755126953,335.103210449219,739.352294921875,8717.3876953125,1142.48828125,233.196548461914,2573.89892578125
2025-09-26,80426.4609375,2835.1572265625,1892.87951660156,1152.86181640625,16266.7001953125,1344.42358398438,12070.5498046875,274.354553222656,332.544403076172,711.697082519531,8587.072265625,1123.94470214844,227.124465942383,2542.01293945312
2025-09-29,80364.9375,2831.53979492188,1877.67102050781,1130.82873535156,15998.0498046875,1336.47387695312,12051.5,272.895721435547,335.939727783203,723.128540039062,8599.9404296875,1115.49328613281,230.883377075195,2507.67846679688
2025-09-30,80267.6171875,2824.3056640625,1854.66052246094,1130.97863769531,16028.5498046875,1334.59484863281,12223.900390625,272.409454345703,334.95556640625,734.310485839844,8555.4658203125,1136.37341308594,230.546035766602,2504.82958984375
2025-10-01,80983.3125,2848.84375,1844.14294433594,1158.50756835938,15971.2001953125,1338.88293457031,12118.75,273.041595458984,334.758728027344,742.497192382812,8499.109375,1139.40588378906,232.280914306641,2590.3916015625
2025-10-03,81207.171875,2837.16088867188,1872.04187011719,1180.79028320312,15805.4501953125,1342.54467773438,12014.900390625,281.648620605469,336.481018066406,746.340942382812,8565.228515625,1155.46374511719,232.329116821289,2587.99243164062
2025-10-06,81790.1171875,2921.1376953125,1878.90551757812,1211.56665039062,16004.349609375,1365.09313964844,12059.849609375,278.925476074219,333.626983642578,738.104309082031,8672.2724609375,1153.02770996094,233.292938232422,2571.64990234375
2025-10-07,81926.75,2907.255859375,1905.22424316406,1185.78637695312,16107,1381.47448730469,12179.2998046875,281.259582519531,332.642822265625,747.938415527344,8780.3525390625,1150.14428710938,234.786865234375,2541.71337890625
2025-10-08,81773.65625,2959.06909179688,1918.70458984375,1179.49133300781,16010.650390625,1399.9755859375,11991.2001953125,277.661193847656,328.312561035156,740.051147460938,8668.376953125,1138.26257324219,235.365142822266,2522.02197265625
2025-10-09,82172.1015625,2993.3828125,1917.17395019531,1166.55126953125,15976.5,1432.3046875,12192.599609375,278.293304443359,330.576110839844,747.638854980469,8688.8388671875,1169.28430175781,237.38916015625,2541.01342773438
2025-10-10,82500.8203125,2960.583984375,1915.49499511719,1179.19152832031,16276.0498046875,1440.30249023438,12274.25,281.2109375,334.119049072266,762.265197753906,8823.1005859375,1161.37976074219,239.60595703125,2549.4599609375
2025-10-13,82327.046875,2939.80981445312,1930.75305175781,1188.53430175781,16315.400390625,1440.30249023438,12171.400390625,278.536437988281,336.234985351562,758.321533203125,8945.3798828125,1155.31457519531,236.18440246582,2525.5703125
2025-10-14,82029.9765625,2894.00927734375,1922.01293945312,1175.69421386719,16255.25,1440.73620605469,12070.150390625,279.460388183594,331.511077880859,748.537414550781,8975.6044921875,1141.19567871094,239.509582519531,2514.92529296875
2025-10-15,82605.4296875,2913.33959960938,1944.72717285156,1168.10009765625,16219.599609375,1441.74792480469,12307.150390625,283.447814941406,334.020629882812,739.202575683594,8877.6328125,1153.7236328125,241.148071289062,2533.61694335938
2025-10-16,83467.65625,2915.15502929688,1942.65319824219,1195.3291015625,16295.5,1460.20104980469,12356.0498046875,283.788177490234,336.038177490234,738.054382324219,9022.4462890625,1165.15795898438,244.569641113281,2555.50708007812
2025-10-17,83952.1875,2907.0595703125,1986.94580078125,1199.22619628906,16399.900390625,1444.70886230469,12362.25,281.697235107422,335.595275878906,750.234680175781,9023.5302734375,1156.15979003906,232.136352539062,2548.46044921875
2025-10-20,84363.3671875,2957.74145507812,2025.75744628906,1225.20617675781,16432.599609375,1452.81909179688,12336.400390625,279.80078125,336.677856445312,758.421447753906,9007.94921875,1138.66015625,232.521881103516,2548.1103515625
2025-10-21,84426.34375,2957.74145507812,2025.75744628906,1225.20617675781,16432.599609375,1452.81909179688,12336.400390625,279.80078125,336.677856445312,758.421447753906,9007.94921875,1138.66015625,232.521881103516,2548.1103515625
2025-10-23,84556.3984375,3017.00903320312,1983.390625,1258.43054199219,16383.2998046875,1480.30700683594,12142.75,281.697235107422,337.169952392578,758.870666503906,8914.8095703125,1131.74987792969,235.557907104492,2545.76123046875
2025-10-24,84211.8828125,3005.03784179688,2003.88269042969,1241.09387207031,16263.349609375,1479.91845703125,11911.400390625,280.62744140625,334.069854736328,754.178283691406,8956.966796875,1133.837890625,234.160369873047,2502.73071289062
2025-10-27,84778.84375,3026.72338867188,2055.18725585938,1253.1845703125,16383.7998046875,1489.77709960938,12014.7001953125,283.107421875,336.382568359375,769.403625488281,8970.181640625,1143.78076171875,235.075988769531,2491.98559570312
2025-10-28,84628.15625,2999.54296875,2064.51977539062,1244.74096679688,16313.75,1477.87878417969,11932.7001953125,280.481536865234,333.676177978516,798.406677246094,8929.6513671875,1177.48718261719,233.630264282227,2492.63525390625
2025-10-29,84997.1328125,3000.03344726562,2074.34594726562,1247.18920898438,16143.650390625,1512.60266113281,11998.900390625,287.726989746094,342.385925292969,807.092590332031,8907.4140625,1201.59875488281,233.533874511719,2533.6669921875
2025-10-30,84404.4609375,2978.64208984375,2040.42297363281,1237.646484375,16205.599609375,1505.31787109375,12051.150390625,283.545043945312,339.630310058594,800.553161621094,8799.1865234375,1202.99072265625,233.100173950195,2526.3701171875
2025-10-31,83938.7109375,3000.47485351562,2029.06591796875,1232.05090332031,16191.900390625,1497.15893554688,11946.7998046875,280.238403320312,331.511077880859,792.815673828125,8770.4912109375,1199.16271972656,231.943588256836,2480.34057617188
2025-11-03,83978.4921875,2959.55688476562,2047.97778320312,1233.24987792969,15646.150390625,1500.60693359375,11953.0498046875,280.092559814453,329.887237548828,795.760925292969,8800.666015625,1187.47985839844,231.702621459961,2468.44604492188
2025-11-04,83459.1484375,2933.74975585938,2086.64111328125,1225.95556640625,15370.4501953125,1484.82336425781,11815.5498046875,271.339660644531,325.458557128906,788.22314453125,8625.77734375,1174.45458984375,229.437652587891,2417.81860351562
2025-11-06,83311.0078125,2954.60131835938,2068.56884765625,1227.60437011719,15453.4501953125,1482.54077148438,11906.5,262.78125,321.521942138672,784.978393554688,8595.3544921875,1161.77734375,231.317092895508,2312.765625
2025-11-07,83216.28125,2936.251953125,1976.23071289062,1222.30834960938,15478.099609375,1468.89416503906,11850.599609375,264.531829833984,323.705413818359,795.561218261719,8603.1455078125,1165.05859375,227.943725585938,2369.04052734375
2025-11-10,83535.3515625,2969.07495117188,1996.03161621094,1216.11315917969,15582.2998046875,1496.576171875,11734.849609375,265.322937011719,323.308441162109,797.757690429688,8649.0986328125,1172.615234375,231.220718383789,2295.72827148438
2025-11-11,83871.3203125,2991.005859375,2017.16564941406,1221.1591796875,15638.599609375,1524.79235839844,11828.25,264.729614257812,324.300933837891,824.514343261719,8778.0341796875,1185.19299316406,232.955581665039,2293.06323242188
2025-11-12,84466.5078125,3072.5478515625,2047.73095703125,1222.80798339844,15687.099609375,1548.24926757812,11920.4501953125,264.037384033203,324.648315429688,863.101806640625,8744.0126953125,1179.12780761719,236.377166748047,2407.21728515625
2025-11-13,84478.671875,3047.47705078125,2066.14916992188,1223.95715332031,15755.5,1552.61999511719,11939.2001953125,266.954650878906,324.797180175781,861.903747558594,8744.60546875,1176.34375,236.473556518555,2407.84741210938
2025-11-14,84562.78125,3046.7900390625,2072.61767578125,1241.79333496094,15678.5498046875,1548.20056152344,11863.599609375,268.289672851562,325.988220214844,846.478759765625,8714.4296875,1160.48486328125,235.702499389648,2438.95385742188
2025-11-17,84950.953125,3044.38598632812,2085.94995117188,1248.38818359375,15879.4501953125,1560.29333496094,11780.099609375,270.514678955078,327.377716064453,852.718627929688,8832.8134765625,1168.58837890625,235.172378540039,2463.79809570312
2025-11-18,84673.0234375,3027.802734375,2123.18139648438,1264.27600097656,15928.849609375,1548.97766113281,11706.349609375,271.157501220703,326.087432861328,846.628540039062,8791.0517578125,1155.31457519531,232.088150024414,2435.4609375
2025-11-19,85186.46875,3088.19897460938,2134.43994140625,1269.07238769531,15759,1615.26867675781,11664.900390625,272.195831298828,324.201690673828,838.441772460938,8756.9814453125,1157.99914550781,237.148223876953,2430.21313476562
2025-11-20,85632.6796875,3086.77612304688,2132.61279296875,1284.26062011719,15799.400390625,1598.12536621094,11754.7001953125,274.223083496094,324.300933837891,828.108520507812,8859.09375,1163.07006835938,237.292785644531,2444.306640625
2025-11-21,85231.921875,3090.99560546875,2135.970703125,1274.3681640625,15980.25,1562.13891601562,11728.75,274.569213867188,324.152069091797,845.180847167969,8761.2705078125,1133.98706054688,235.702499389648,2420.517578125
2025-11-24,84900.7109375,3081.67358398438,2124.11962890625,1267.62341308594,15958.349609375,1567.62658691406,11590.650390625,273.333068847656,321.323425292969,834.548095703125,8880.4931640625,1099.78344726562,238.352996826172,2397.677734375
2025-11-25,84587.0078125,3061.31274414062,2133.89672851562,1265.025390625,15882.9501953125,1554.7568359375,11570.849609375,270.613586425781,321.273803710938,838.691345214844,8920.578125,1105.45104980469,236.907257080078,2332.65673828125
2025-11-26,85609.5078125,3102.966796875,2100.66479492188,1289.15686035156,16154.5498046875,1571.31762695312,11760.150390625,271.998046875,323.8046875,849.124450683594,9037.138671875,1147.85729980469,241.099884033203,2316.01416015625
2025-11-27,85720.3828125,3078.09204101562,2089.6533203125,1286.35900878906,15902.599609375,1582.00170898438,11624.9501953125,270.663055419922,324.747589111328,856.113159179688,8896.171875,1153.62426757812,240.376998901367,2248.89404296875
2025-11-28,85706.671875,3080.79028320312,2074.93872070312,1279.26452636719,15894.099609375,1581.03051757812,11600,266.905212402344,324.152069091797,856.911865234375,8949.2265625,1153.87280273438,240.425201416016,2280.0302734375
2025-12-01,85641.8984375,3076.91455078125,2063.630859375,1274.86779785156,16116,1596.03698730469,11691.4501953125,266.657958984375,324.797180175781,845.630126953125,8966.7294921875,1161.2802734375,241.148071289062,2261.53857421875
2025-12-02,85138.2734375,3076.81640625,2075.72875976562,1258.48046875,16240.900390625,1588.55810546875,11662.900390625,264.482391357422,326.137084960938,849.074584960938,8959.234375,1155.11572265625,241.196258544922,2238.49877929688
2025-12-03,85106.8125,3120.33471679688,2060.17456054688,1269.92175292969,16083.75,1592.54040527344,11597.75,265.322937011719,320.529418945312,845.0810546875,8879.408203125,1140.94714355469,245.388900756836,2187.97143554688
2025-12-04,85265.3203125,3168.3671875,2077.35815429688,1279.314453125,15997.2001953125,1607.49829101562,11603.7998046875,266.163513183594,320.479797363281,861.903747558594,8961.404296875,1143.92993164062,247.653884887695,2217.80810546875
2025-12-05,85712.3671875,3178.1796875,2081.505859375,1281.86242675781,16277.2998046875,1634.54907226562,11599.75,266.756866455078,320.976043701172,868.543029785156,8981.4716796875,1160.58435058594,250.593521118164,2264.08740234375
2025-12-08,85102.6875,3177.19848632812,2060.02612304688,1272.61950683594,16182.2001953125,1639.55126953125,11532,262.257354736328,317.0556640625,839.889465332031,8896.6650390625,1112.908203125,251.798294067383,2214.50952148438
2025-12-09,84666.28125,3148.10424804688,2061.65576171875,1274.0185546875,16012.2998046875,1610.12084960938,11409.5,261.614562988281,317.403015136719,843.134155273438,8832.07421875,1100.03210449219,248.039398193359,2246.64501953125
2025-12-10,84391.2734375,3128.38110351562,2041.01538085938,1277.81567382812,16003.75,1617.74560546875,11318.400390625,262.405700683594,319.090270996094,831.453063964844,8863.8271484375,1090.68566894531,248.039398193359,2209.26196289062
2025-12-11,84818.1328125,3131.7666015625,2027.73266601562,1271.47045898438,16262.75,1624.44750976562,11467.0498046875,261.762908935547,320.182037353516,834.348449707031,8926.19921875,1099.23669433594,249.677871704102,2275.63208007812
2025-12-12,85267.65625,3159.78125,2057.45874023438,1285.30981445312,16520.900390625,1624.39904785156,11725.0498046875,260.675109863281,322.613677978516,844.332275390625,8889.1708984375,1118.37670898438,251.123611450195,2280.830078125
2025-12-15,85213.359375,3169.83911132812,2046.2001953125,1283.21142578125,16403.150390625,1635.81164550781,11719.349609375,259.389526367188,321.422668457031,849.923156738281,8809.6396484375,1107.88696289062,252.232025146484,2278.5810546875
2025-12-16,84679.859375,3144.47387695312,2075.67919921875,1218.71118164062,16349.9501953125,1604.73022460938,11525.900390625,257.560089111328,318.594024658203,843.783142089844,8865.8984375,1077.16345214844,249.774261474609,2245.2958984375
2025-12-17,84559.6484375,3157.279296875,2082.44409179688,1223.70727539062,16393.400390625,1606.91564941406,11535.650390625,258.103973388672,318.842163085938,832.401550292969,8760.3837890625,1073.23596191406,251.653732299805,2231.05224609375
2025-12-18,84481.8125,3218.60766601562,2066.05053710938,1228.75329589844,16337.2001953125,1613.76318359375,11460.900390625,255.038345336914,316.212036132812,833.350036621094,8706.4423828125,1075.62231445312,254.20783996582,2227.45385742188
2025-12-19,84929.359375,3221.060546875,2070.24755859375,1229.60278320312,16425.19921875,1595.35717773438,11497.150390625,260.625640869141,317.502258300781,843.18408203125,8877.732421875,1073.33544921875,254.786148071289,2238.04907226562
2025-12-22,85567.4765625,3262.322265625,2120.46557617188,1232.15075683594,16641.25,1622.06787109375,11532.150390625,262.0595703125,318.3955078125,855.164672851562,9038.125,1088.39892578125,262.641296386719,2264.13720703125
2025-12-23,85524.84375,3248.4375,2096.02319335938,1223.75720214844,16577.150390625,1630.71240234375,11675.599609375,263.987945556641,320.777557373047,847.327392578125,8969.095703125,1089.49255371094,261.484680175781,2246.84521484375
2025-12-24,85408.703125,3258.10302734375,2097.3564453125,1225.75561523438,16707.900390625,1626.82727050781,11760.5498046875,265.174621582031,320.182037353516,846.878112792969,9038.51953125,1085.21716308594,258.400482177734,2220.55688476562
2025-12-26,85041.453125,3218.31323242188,2079.53076171875,1227.10473632812,16589.80078125,1613.47192382812,11794.900390625,262.554016113281,321.621154785156,849.324157714844,8940.646484375,1087.95141601562,256.665588378906,2230.85229492188
2025-12-29,84695.5390625,3192.6533203125,2055.77954101562,1231.10168457031,16560.150390625,1583.41015625,11797.900390625,257.708404541016,323.060302734375,838.142272949219,8957.904296875,1085.86340332031,254.68977355957,2202.01513671875
2025-12-30,84675.078125,3186.61865234375,2073.75366210938,1245.04089355469,16603.900390625,1568.79223632812,11709.25,257.411712646484,322.415191650391,840.18896484375,9158.8759765625,1105.30187988281,254.25602722168,2214.10986328125
2025-12-31,85220.6015625,3145.65112304688,2079.53076171875,1267.72326660156,16704.25,1577.72814941406,11785.4501953125,261.614562988281,326.980712890625,863.002014160156,9213.556640625,1158.29736328125,253.870513916016,2238.49877929688
2026-01-01,85188.6015625,3166.306640625,2083.87622070312,1273.31909179688,16715.19921875,1588.41235351562,11896.900390625,263.889068603516,333.779357910156,888.909973144531,9427.939453125,1164.85974121094,257.62939453125,2256.74072265625
2026-01-02,85762.0078125,3189.169921875,2080.51831054688,1266.52429199219,16960.25,1592.83178710938,11895.4501953125,268.042419433594,349.361694335938,900.990478515625,9369.0185546875,1173.51000976562,259.412475585938,2279.48046875
2026-01-05,85439.6171875,3154.43334960938,2078.345703125,1284.86010742188,17154.099609375,1560.97314453125,12081.650390625,268.635772705078,347.872924804688,898.045227050781,9367.1455078125,1179.52551269531,253.822326660156,2278.3310546875
2026-01-06,85063.34375,3194.71411132812,2079.77758789062,1292.60412597656,17294.94921875,1569.9091796875,12200.2998046875,265.520751953125,348.220306396484,913.270568847656,9525.3193359375,1170.03002929688,255.84635925293,2257.79028320312
2026-01-07,84961.140625,3232.68823242188,2058.14990234375,1294.85241699219,16803.80078125,1601.13623046875,12185.4501953125,261.169555664062,346.284912109375,896.747314453125,9657.115234375,1182.90600585938,260.858215332031,2273.48315429688
2026-01-08,84180.9609375,3144.228515625,2040.62048339844,1285.859375,16663.80078125,1600.8935546875,12059,256.62060546875,341.520904541016,881.671752929688,9625.4609375,1148.75219726562,252.762115478516,2214.009765625
2026-01-09,83576.2421875,3147.85913085938,2002.10510253906,1270.97082519531,16501,1614.5888671875,11951.849609375,255.681137084961,333.531219482422,880.67333984375,9424.7841796875,1152.72937011719,252.424789428711,2152.2373046875
2026-01-12,83878.171875,3175.03955078125,2018.251953125,1273.26904296875,16588.849609375,1620.22241210938,12101.900390625,255.780029296875,335.069610595703,904.285095214844,9372.4697265625,1175.15063476562,253.581359863281,2170.47924804688
2026-01-13,83627.6875,3206.341796875,2001.31506347656,1260.92858886719,16425.80078125,1617.21142578125,12036.849609375,255.878921508789,335.317749023438,908.827758789062,9423.501953125,1170.62658691406,254.593368530273,2156.7353515625
2026-01-14,83382.7109375,3132.45361328125,1997.85852050781,1297.50036621094,16144.0498046875,1620.7080078125,12256.9501953125,255.433898925781,346.533050537109,943.072265625,9443.7177734375,1175.25012207031,250.738098144531,2153.037109375
2026-01-15,83382.7109375,3132.45361328125,1997.85852050781,1297.50036621094,16144.0498046875,1620.7080078125,12256.9501953125,255.433898925781,346.533050537109,943.072265625,9443.7177734375,1175.25012207031,250.738098144531,2153.037109375
2026-01-16,83570.3515625,3146.58349609375,1990.94555664062,1293.55346679688,15856.5498046875,1650.13842773438,12372.5498046875,254.395568847656,343.65478515625,951.658386230469,9348.75390625,1180.27124023438,257.581207275391,2155.73583984375
2026-01-19,83246.1796875,3103.70263671875,1983.58813476562,1306.54345703125,16179.75,1666.89331054688,12277,254.593368530273,340.925384521484,947.664855957031,9296.93359375,1176.64208984375,237.100021362305,2136.29467773438
2026-01-20,82180.46875,3049.78295898438,1964.62670898438,1292.10461425781,15881.099609375,1642.22229003906,12036.7998046875,251.428863525391,336.210998535156,903.536315917969,9049.1689453125,1152.58020019531,231.268890380859,2055.130859375
2026-01-21,81909.6328125,3062.78442382812,1971.09533691406,1283.361328125,15769.099609375,1633.77197265625,12225.25,252.862762451172,336.111724853516,905.982360839844,9054.1494140625,1168.48889160156,230.883377075195,2032.09118652344
2026-01-22,82307.3671875,3092.1728515625,1977.1689453125,1294.35278320312,15764,1653.78076171875,12364.5,256.670043945312,339.932891845703,901.040405273438,9235.30078125,1178.13354492188,231.991775512695,2086.56689453125
2026-01-23,81537.703125,3101.59301757812,1960.57763671875,1259.13000488281,15469.599609375,1657.61730957031,12368.2998046875,251.379409790039,334.275604248047,891.655578613281,9282.68359375,1162.67224121094,229.726806640625,1861.96728515625
2026-01-27,81857.4765625,3099.18896484375,1947.19604492188,1313.43811035156,15240.9501953125,1670.48693847656,12591.650390625,251.577178955078,342.563018798828,893.302917480469,9363.298828125,1213.87817382812,232.346878051758,1959.4736328125
2026-01-28,82344.6796875,3139.86206054688,1932.72814941406,1319.48352050781,14876.7998046875,1680.734375,12769.25,256.867828369141,345.590179443359,899.942199707031,9304.3291015625,1211.04443359375,234.719772338867,1994.75793457031
2026-01-29,82566.3671875,3087.11962890625,1943.69018554688,1363.29968261719,14499.5,1671.74975585938,12719.5,257.658935546875,355.415954589844,896.6474609375,9375.8232421875,1230.68176269531,237.142120361328,2017.29772949219
2026-01-30,82269.78125,3066.46435546875,1943.64086914062,1369.19519042969,14601.5498046875,1645.81604003906,12700.0498046875,253.505554199219,353.133178710938,893.901916503906,9459.7919921875,1206.42102050781,234.027679443359,2018.49731445312
2026-02-02,81666.4609375,3109.88452148438,1941.171875,1316.83544921875,14387.0498046875,1627.99279785156,12532.0498046875,267.152435302734,347.773681640625,907.829345703125,9362.4609375,1191.85461425781,239.465591430664,1993.80822753906
2026-02-03,83739.1328125,3163.2646484375,1972.42858886719,1354.50659179688,14779.599609375,1645.08752441406,12586.599609375,280.107086181641,355.862579345703,920.658630371094,9459.2001953125,1222.03149414062,239.712768554688,2200.7158203125
2026-02-04,83817.6875,2943.5625,2000.22875976562,1337.31970214844,15077.5,1575.73693847656,12802.4501953125,286.139404296875,364.546997070312,919.460571289062,9501.01171875,1220.04284667969,230.764938354492,2227.85375976562
2026-02-05,83313.9296875,2935.95776367188,1967.29321289062,1329.62573242188,15051.2001953125,1562.62438964844,12774.349609375,286.040496826172,364.149993896484,912.771362304688,9505.251953125,1232.52111816406,230.715515136719,2235.35034179688
2026-02-06,83580.3984375,2886.30615234375,2013.01770019531,1340.51733398438,15001.400390625,1547.81213378906,12725.5,289.649993896484,365.100006103516,902.238464355469,9386.5224609375,1228.94165039062,228.095413208008,2225.5546875
2026-02-09,84065.75,2891.85034179688,2013.21533203125,1340.3173828125,14979.5,1556.06823730469,13046.650390625,289.649993896484,361.850006103516,926.349365234375,9454.318359375,1237.64172363281,227.502197265625,2248.79418945312
2026-02-10,84273.921875,2928.3037109375,1985.81018066406,1355.35583496094,15154.9501953125,1527.17199707031,13013.4501953125,294.549987792969,366.799987792969,926.149719238281,9635.5185546875,1236.6474609375,229.034683227539,2226.55419921875
2026-02-11,84233.640625,2854.85668945312,1987.93334960938,1346.66247558594,15412.75,1506.67761230469,12969.75,294.5,368.450012207031,923.404174804688,9730.7783203125,1241.61889648438,227.156143188477,2233.40112304688
2026-02-12,83674.921875,2700.3095703125,1990.05676269531,1338.96850585938,15323.75,1433.73303222656,13027.849609375,293.75,368.100006103516,921.357421875,9700.7998046875,1240.12744140625,216.428634643555,2210.71118164062
2026-02-13,82626.7578125,2641.6796875,1979.68713378906,1332.77331542969,15227.400390625,1413.19006347656,12964.650390625,287.399993896484,362.950012207031,924.102966308594,9626.447265625,1227.15197753906,211.682846069336,2140.39282226562
2026-02-16,83277.1484375,2657.42895507812,2004.17907714844,1357.20446777344,15049.650390625,1421.00915527344,12971.599609375,300.200012207031,369.100006103516,930.392822265625,9557.220703125,1240.47546386719,210.891860961914,2183.67333984375
2026-02-17,83450.9609375,2666.50537109375,1994.64892578125,1356.00537109375,15180.2998046875,1440.09509277344,12985.099609375,300.799987792969,368.350006103516,941.974060058594,9693.1572265625,1237.59191894531,213.363647460938,2241.24755859375
2026-02-18,83734.25,2644.083984375,1996.32775878906,1375.98999023438,15167.099609375,1424.79724121094,13048.25,300.450012207031,368.25,942.623046875,9839.794921875,1243.55773925781,209.606536865234,2209.81176757812
2026-02-19,82498.140625,2630.19897460938,1965.56494140625,1354.90612792969,14904,1408.77087402344,12676.099609375,294.649993896484,363.149993896484,925.800231933594,9587.642578125,1221.13659667969,208.865005493164,2154.68627929688
2026-02-20,82814.7109375,2636.28295898438,1953.12145996094,1367.19677734375,14987.5498046875,1395.80407714844,12764.400390625,298.899993896484,373.049987792969,924.003173828125,9670.822265625,1229.28967285156,207.579681396484,2159.48413085938
2026-02-23,83294.65625,2625.685546875,1972.32983398438,1385.48266601562,15067.7001953125,1385.41101074219,12974.5,303.350006103516,375.450012207031,918.262451171875,9768.15234375,1233.31665039062,203.624847412109,2187.07202148438
2026-02-24,82225.921875,2526.23559570312,1916.58129882812,1386.58178710938,14924.400390625,1300.95666503906,12951.5,304.850006103516,382.75,929.893676757812,9687.783203125,1247.28625488281,197.890319824219,2181.37451171875
2026-02-25,82276.0703125,2580.20434570312,1889.86755371094,1401.42041015625,15060.099609375,1337.33178710938,13042.5498046875,307.200012207031,384.899993896484,935.684265136719,9958.6220703125,1267.61962890625,199.571136474609,2230.85229492188
2026-02-26,82248.609375,2598.06323242188,1904.53295898438,1393.62634277344,15213.0498046875,1334.029296875,12934.099609375,303.5,381.850006103516,962.890197753906,9968.533203125,1273.28698730469,198.730728149414,2213.95971679688
2026-02-27,81287.1875,2586.97485351562,1856.38879394531,1382.78466796875,14869.5498046875,1350.29858398438,12680.25,298.75,381.850006103516,957.448974609375,9830.6240234375,1260.56018066406,198.631851196289,2163.83227539062
2026-03-02,80238.8515625,2564.20971679688,1850.068359375,1372.09301757812,14380.599609375,1331.40686035156,12515.7001953125,296.700012207031,377.450012207031,940.676208496094,9642.421875,1261.00756835938,196.308395385742,2122.30078125
2026-03-04,79116.1875,2538.8447265625,1883.05322265625,1350.01000976562,14152.4501953125,1324.8505859375,12105.349609375,291.700012207031,365.850006103516,925.850158691406,9507.076171875,1205.52612304688,193.391708374023,2074.67211914062
2026-03-05,80015.8984375,2535.06689453125,1882.70764160156,1349.66015625,14416.349609375,1315.13757324219,12301.849609375,299.450012207031,378.149993896484,935.085205078125,9673.2373046875,1242.06628417969,193.490570068359,2087.51635742188
2026-03-06,78918.8984375,2509.701171875,1848.19189453125,1314.88708496094,14149.150390625,1317.90588378906,11986.75,299.200012207031,380.450012207031,915.217407226562,9676.4931640625,1227.30114746094,193.292831420898,2037.888671875
2026-03-09,77566.15625,2480.31274414062,1843.94543457031,1287.408203125,13504.4501953125,1319.60559082031,11376.2001953125,295.25,376.450012207031,879.924560546875,9249.0078125,1186.23706054688,196.357833862305,1998.75610351562
2026-03-10,78205.9765625,2466.28076171875,1828.14428710938,1314.03771972656,13870.0498046875,1322.47106933594,11651.5498046875,298.450012207031,377.299987792969,896.6474609375,9473.251953125,1207.91247558594,198.582427978516,1997.2568359375
2026-03-11,76863.7109375,2418.935546875,1783.55541992188,1258.08081054688,13502.400390625,1311.30102539062,11457.099609375,298.799987792969,380,875.481811523438,9201.4765625,1172.01867675781,199.818313598633,1974.4169921875
2026-03-12,76034.421875,2397.0537109375,1778.42004394531,1232.80029296875,13016.099609375,1319.45983886719,11090.5498046875,303.700012207031,390.600006103516,829.556213378906,9037.9775390625,1166.00317382812,200.11491394043,2001.25500488281
2026-03-13,74563.921875,2365.11376953125,1781.18518066406,1196.32836914062,12588.4501953125,1287.40710449219,10607,300.700012207031,384.450012207031,813.1328125,8756.6357421875,1112.65954589844,195.319686889648,1959.42370605469
2026-03-16,75502.8515625,2363.20043945312,1766.66796875,1213.81494140625,12753.2998046875,1290.56372070312,11099.650390625,297.399993896484,382.200012207031,823.615783691406,8952.677734375,1138.66015625,192.699600219727,1974.716796875
2026-03-17,76070.84375,2346.91162109375,1804.29443359375,1228.15380859375,12993.5498046875,1283.08483886719,11113.9501953125,298.200012207031,383.450012207031,820.17138671875,8979.943359375,1160.38549804688,189.090805053711,1974.4169921875
2026-03-18,76704.1328125,2395.38525390625,1832.34143066406,1251.935546875,13054.650390625,1318.44006347656,11246.599609375,298.75,378.5,840.288818359375,9138.5615234375,1172.71459960938,192.20524597168,2006.65258789062
2026-03-19,74207.2421875,2312.37133789062,1806.41772460938,1205.72119140625,12591.4501953125,1273.71166992188,10811,296.600006103516,373.950012207031,814.979797363281,8744.259765625,1125.43615722656,186.421295166016,1936.08410644531
2026-03-20,74532.9609375,2345.78295898438,1823.55200195312,1203.32299804688,12602.650390625,1295.76025390625,10927.75,297.5,380.799987792969,818.623901367188,8928.56640625,1162.77172851562,188.89306640625,1926.48840332031
2026-03-23,72696.390625,2338.22729492188,1773.97595214844,1169.74890136719,12354.0498046875,1319.45983886719,10359.75,301.649993896484,372.549987792969,776.741760253906,8656.05078125,1104.50634765625,185.383148193359,1831.48095703125
2026-03-24,74068.453125,2353.82934570312,1781.18518066406,1191.08239746094,12467.5,1333.93225097656,10760.849609375,299.200012207031,375.450012207031,796.75927734375,8775.6181640625,1127.12646484375,186.619033813477,1818.0869140625
2026-03-25,75273.453125,2333.56640625,1812.59008789062,1221.50891113281,12704.2998046875,1342.67395019531,11204.4501953125,295.100006103516,378.399993896484,816.826843261719,8924.12890625,1149.64709472656,186.915649414062,1885.20690917969
2026-03-27,73583.21875,2345.04711914062,1819.25610351562,1204.27221679688,12387.900390625,1324.55920410156,11051.849609375,295.399993896484,375.899993896484,790.5693359375,8779.1689453125,1124.44189453125,189.288543701172,1822.03515625
2026-03-30,71947.546875,2314.82446289062,1762.12512207031,1161.05554199219,12298.7998046875,1302.65649414062,10744.9501953125,296.200012207031,370.950012207031,751.582458496094,8654.8681640625,1116.33837890625,185.432586669922,1758.86340332031
2026-04-01,73134.3203125,2363.15112304688,1759.85363769531,1191.93176269531,12508.2998046875,1315.96325683594,10713.400390625,292.850006103516,364.850006103516,784.479187011719,8775.51953125,1133.78820800781,188.991928100586,1841.67639160156
2026-04-02,73319.546875,2405.6884765625,1767.30981445312,1197.22766113281,12632.25,1361.6142578125,10626.7001953125,289.850006103516,360,777.939819335938,8638.0048828125,1134.23559570312,192.600738525391,1832.73034667969
2026-04-06,74106.8515625,2427.17797851562,1770.12438964844,1244.39135742188,12687.2001953125,1362.29418945312,10951.7001953125,295.149993896484,366.149993896484,784.678894042969,8820.4873046875,1127.375,194.9736328125,1901.8994140625
2026-04-07,74616.578125,2492.23510742188,1809.38037109375,1249.73718261719,12799.7998046875,1400.02917480469,10929.7998046875,295.450012207031,369.049987792969,782.432495117188,8921.6142578125,1144.77502441406,202.388961791992,1880.458984375
2026-04-08,77562.8984375,2511.81103515625,1838.4150390625,1331.77404785156,13602.5498046875,1415.37548828125,11599.5,294.850006103516,374.25,834.4482421875,9234.314453125,1187.23132324219,201.004760742188,2042.63647460938
2026-04-09,76631.6484375,2539.23706054688,1835.69921875,1317.5849609375,13589.849609375,1423.14587402344,11442.0498046875,298.149993896484,378.450012207031,813.582092285156,9382.6279296875,1202.84155273438,200.609268188477,2039.08801269531
2026-04-10,77550.25,2477.02587890625,1846.76000976562,1350.40966796875,13710.9501953125,1409.25646972656,11589.900390625,302.600006103516,380.299987792969,829.256652832031,9677.478515625,1208.26037597656,202.53727722168,2087.26635742188
2026-04-13,76847.5703125,2426.29467773438,1847.15502929688,1352.70788574219,13078.650390625,1388.85913085938,11499.900390625,300.299987792969,386.149993896484,818.2744140625,9675.94921875,1197.12438964844,200.708145141602,2128.59814453125
2026-04-15,78111.2421875,2506.51196289062,1832.48962402344,1353.95690917969,13284.9501953125,1409.64489746094,11769.75,312.649993896484,392.649993896484,838.49169921875,9724.171875,1211.29309082031,207.431381225586,2144.24096679688
2026-04-16,77988.6796875,2528.78662109375,1817.478515625,1348.86083984375,13333.9501953125,1409.06213378906,11828.2001953125,312.25,390.799987792969,847.177612304688,9687.4384765625,1208.60852050781,207.826858520508,2204.01440429688
2026-04-17,78493.5390625,2533.25122070312,1823.60144042969,1358.10375976562,13452.25,1401.09753417969,11887.2998046875,318.049987792969,393.649993896484,851.770202636719,9641.4853515625,1232.81945800781,202.042922973633,2217.3583984375
2026-04-20,78520.296875,2530.111328125,1822.1201171875,1352.60803222656,13445.9501953125,1387.35363769531,11911.2998046875,319.600006103516,397.899993896484,850.721862792969,9659.13671875,1267.56982421875,200.11491394043,2227.00390625
2026-04-21,79273.328125,2561.60961914062,1831.74890136719,1376.689453125,13458.2998046875,1400.1748046875,12032.2001953125,319.299987792969,396.100006103516,855.064880371094,9656.177734375,1272.29272460938,202.735015869141,2224.25512695312
2026-04-22,78516.4921875,2489.97827148438,1806.96081542969,1378.48803710938,13343.7998046875,1248.31225585938,12195,319.75,405.549987792969,868.493103027344,9470.7373046875,1255.93664550781,201.746307373047,2260.08935546875
2026-04-23,77664,2475.25952148438,1817.77478027344,1368.49572753906,13159.349609375,1240.54187011719,12147.4501953125,319,402.25,859.058410644531,9418.8681640625,1250.0703125,200.658706665039,2299.4716796875
2026-04-24,76664.2109375,2352.357421875,1792.14721679688,1365.04833984375,13046.9501953125,1191.09643554688,12010.5,316.25,401.700012207031,846.928039550781,9443.224609375,1248.03198242188,197.148788452148,2285.62768554688
2026-04-27,77303.6328125,2401.56713867188,1796.88757324219,1323.48046875,13225.650390625,1216.28930664062,12013.2001953125,320.850006103516,410.200012207031,898.494506835938,9528.57421875,1275.72302246094,202.735015869141,2320.31225585938
2026-04-28,76886.90625,2398.86865234375,1822.51501464844,1288.40747070312,12891.7001953125,1184.16711425781,11816.400390625,318.950012207031,406.549987792969,883.418884277344,9361.228515625,1274.48022460938,199.373382568359,2409.7724609375
2026-04-29,77496.359375,2426.83447265625,1864.48681640625,1294.40283203125,13260.2001953125,1187.58227539062,11829.400390625,320.350006103516,401.149993896484,912.122375488281,9409.6962890625,1271.24877929688,198.434112548828,2423.61596679688
2026-04-30,76913.5,2427.12890625,1862.61059570312,1266.72412109375,13312.849609375,1186.83984375,11582.7998046875,318.25,399.149993896484,914.069274902344,9859.0244140625,1257.080078125,198.384674072266,2402.97534179688
2026-05-01,76913.5,2427.12890625,1862.61059570312,1266.72412109375,13312.849609375,1186.83984375,11582.7998046875,318.25,399.149993896484,914.069274902344,9859.0244140625,1257.080078125,198.384674072266,2402.97534179688
2026-05-04,77269.3984375,2385.18041992188,1804.19567871094,1274.06848144531,13581.849609375,1188.32470703125,11754.5498046875,319.25,400,912.62158203125,9990.3759765625,1258.72058105469,198.532989501953,2482.43969726562
2026-05-05,77017.7890625,2381.25537109375,1784.78979492188,1258.7802734375,13426.099609375,1188.37426757812,11964.4501953125,319.299987792969,398.700012207031,909.326965332031,9904.08984375,1245.39721679688,197.593719482422,2462.44873046875
2026-05-06,77958.5234375,2389.69409179688,1810.61486816406,1295.10229492188,13720.5498046875,1176.89135742188,12093.5,315.75,394.700012207031,944.96923828125,10171.4775390625,1265.92919921875,196.852188110352,2538.2646484375
2026-05-07,77844.5234375,2356.72387695312,1803.75122070312,1291.35510253906,13766.9501953125,1171.49633789062,12144.4501953125,313.899993896484,400.450012207031,945.069030761719,10459.5732421875,1275.9716796875,195.121948242188,2510.62719726562
2026-05-08,77328.1875,2349.95361328125,1812.09619140625,1268.4228515625,13725.400390625,1186.49340820312,11948.2001953125,313.899993896484,402.200012207031,948.313781738281,10562.228515625,1270.40356445312,195.71516418457,2504.52978515625
2026-05-11,76015.28125,2347.59814453125,1736.30004882812,1270.07165527344,13482.2998046875,1182.88024902344,11859.650390625,310.950012207031,392.850006103516,920.708557128906,10447.591796875,1255.24060058594,194.380416870117,2498.93237304688
2026-05-12,74559.2421875,2257.51928710938,1734.91748046875,1259.77954101562,13172.25,1134.22680664062,11516.849609375,306.299987792969,392.799987792969,890.607238769531,10239.2734375,1245.44689941406,187.410003662109,2403.57495117188
2026-05-13,74608.9765625,2230.09326171875,1765.87780761719,1254.78332519531,13104.900390625,1131.85095214844,11571.7998046875,301.649993896484,390.5,890.806945800781,10115.7607421875,1267.56982421875,185.679763793945,2498.73266601562
2026-05-14,75398.71875,2203.74682617188,1859.84533691406,1253.58435058594,13076.7998046875,1113.43884277344,11704.0498046875,301.799987792969,396.25,904.984008789062,10305.984375,1289.64306640625,186.272979736328,2712.3369140625
2026-05-15,75237.9921875,2221.36010742188,1880.92993164062,1243.89172363281,13225.849609375,1121.25903320312,11489.849609375,305.850006103516,394.950012207031,885.864929199219,10234.095703125,1271.14929199219,187.805480957031,2714.68579101562
2026-05-18,75315.0390625,2241.37768554688,1914.013671875,1237.44665527344,13014.75,1135.21667480469,11550,296.450012207031,387.600006103516,891.006652832031,10057.13671875,1285.21850585938,190.030075073242,2689.09741210938
2026-05-19,75200.8515625,2283.91528320312,1889.81811523438,1237.5966796875,12967.4501953125,1167.19030761719,11368.650390625,298.600006103516,389.200012207031,893.352844238281,10058.763671875,1277.5126953125,192.94677734375,2720.63330078125
2026-05-20,75318.390625,2285.14184570312,1878.90551757812,1249.68725585938,12992.0498046875,1161.15197753906,11430,300,392.299987792969,895.549255371094,10323.7353515625,1271.84533691406,194.775894165039,2704.79028320312
2026-05-21,75183.359375,2284.16040039062,1861.82043457031,1252.63500976562,13006.5498046875,1156.54895019531,11481.2001953125,299.600006103516,388.950012207031,898.195007324219,10521.255859375,1275.17614746094,197.544281005859,2694.44482421875
2026-05-22,75415.3515625,2275.52514648438,1849.42639160156,1285.90942382812,12975,1155.21264648438,11574.099609375,294.399993896484,388.25,911.523376464844,10396.7080078125,1277.16467285156,200.708145141602,2715.03564453125
2026-05-25,76488.9609375,2295.16772460938,1851.74731445312,1310.69018554688,13170.7001953125,1154.76721191406,11722.849609375,295.25,390.049987792969,924.502380371094,10345.7255859375,1280.89331054688,204.465255737305,2848.0263671875
2026-05-26,76009.703125,2264.28686523438,1823.7001953125,1298.44958496094,13205.0498046875,1149.96606445312,11626.25,292.649993896484,389.450012207031,930.941955566406,10444.2392578125,1286.56066894531,201.548553466797,2968.02270507812
2026-05-27,75867.796875,2268.5634765625,1828.24304199219,1302.39672851562,13365.849609375,1153.38134765625,11691.5498046875,300.149993896484,398.149993896484,931.191528320312,10660.25,1302.07177734375,199.323959350586,2971.27124023438
2026-05-28,75867.796875,2268.5634765625,1828.24304199219,1302.39672851562,13365.849609375,1153.38134765625,11691.5498046875,300.149993896484,398.149993896484,931.191528320312,10660.25,1302.07177734375,199.323959350586,2971.27124023438
2026-05-29,74775.7421875,2241.61108398438,1806.96081542969,1286.90856933594,13119.849609375,1172.38732910156,11449.2998046875,289.75,386.75,912.471862792969,10460.4501953125,1270.40356445312,201.894607543945,2938.33569335938
2026-06-01,74267.34375,2285.42114257812,1787.99951171875,1274.3681640625,12942.25,1182.92980957031,11234.849609375,286.25,378.450012207031,899.193420410156,10373.099609375,1291.53210449219,204.119201660156,2907.599609375
2026-06-02,74649.84375,2434.75244140625,1791.35717773438,1250.43664550781,13025.7998046875,1231.18737792969,11172.150390625,282.299987792969,367.5,910.774597167969,10280.25,1302.91687011719,207.480819702148,2966.62329101562
2026-06-03,74346.171875,2229.47778320312,1801.67724609375,1254.23376464844,13053.900390625,1166.59643554688,11101.7998046875,285.149993896484,366.649993896484,897.795654296875,10252.7001953125,1304.60705566406,201.845169067383,2923.89233398438
2026-06-04,74360.0078125,2227.38940429688,1795.75183105469,1251.43591308594,13058.099609375,1156.69738769531,10995.5498046875,284.649993896484,366.350006103516,901.439758300781,10362.349609375,1293.12316894531,201.99348449707,2971.47119140625
2026-06-05,74243.34375,2186.2646484375,1776.59289550781,1272.169921875,13048.599609375,1142.78930664062,10910.75,285.350006103516,361.649993896484,903.686096191406,10340.25,1276.86645507812,196.110656738281,3046.48754882812
2026-06-08,73524.2578125,2139.7197265625,1793.18420410156,1267.173828125,12909.150390625,1138.87927246094,10797.2998046875,290.450012207031,362.75,893.452697753906,10213.2998046875,1253.74914550781,179.747497558594,2970.62133789062
2026-06-09,73918.7578125,2137.83032226562,1775.55603027344,1291.60498046875,13118.7998046875,1134.42468261719,10910.5498046875,285.700012207031,355.649993896484,922.40576171875,10186.849609375,1253.69958496094,179.698059082031,2976.91870117188
2026-06-10,73983.1796875,2142.15649414062,1753.33569335938,1313.58801269531,13076.0498046875,1120.61560058594,10866.150390625,287.25,351.600006103516,882.320678710938,10140.5498046875,1262.20068359375,176.929672241211,2928.740234375
2026-06-11,73832.546875,2123.65795898438,1760.00183105469,1316.08605957031,13093.2998046875,1098.78833007812,10833.849609375,286.649993896484,352,888.460754394531,10118.0498046875,1275.22595214844,175.397171020508,2906.84985351562
2026-06-12,75527.953125,2149.71508789062,1799.89978027344,1354.50659179688,13371.25,1097.99633789062,11107.9501953125,284.799987792969,353.950012207031,915.417114257812,10062.5498046875,1290.14025878906,178.066696166992,2920.25
2026-06-15,76264.328125,2149.91381835938,1817.97229003906,1367.14672851562,13805.25,1107.84594726562,11473.75,285.600006103516,348.149993896484,931.640808105469,9942.599609375,1288.74816894531,179.352005004883,2942.85009765625
2026-06-16,76808.4765625,2186.86157226562,1832.14392089844,1364.74865722656,13692.849609375,1147.63989257812,11388.9501953125,285.149993896484,355.450012207031,924.252746582031,9934.099609375,1267.17211914062,180.637329101562,2944.44995117188
2026-06-17,77155.6171875,2210.48193359375,1852.19165039062,1349.91003417969,13631.5,1154.66809082031,11369.349609375,286.350006103516,355.399993896484,932.090026855469,10037.4501953125,1279.74987792969,182.367568969727,2952.10009765625
2026-06-18,77409.9765625,2192.28173828125,1851.50036621094,1359.50268554688,13481.2001953125,1149.91662597656,11434.0498046875,288.600006103516,362,937.231750488281,10076.2998046875,1286.61047363281,180.736206054688,3013.10009765625
2026-06-19,76802.8984375,2114.80639648438,1884.88024902344,1356.7548828125,13393.0498046875,1118.38842773438,11370.9501953125,292.399993896484,365.75,946.367004394531,10065.849609375,1281.14184570312,178.561050415039,3037.89990234375
2026-06-22,77094.0703125,2115.70166015625,1893.12646484375,1357.75402832031,13413,1118.68530273438,11401.25,289.850006103516,366.950012207031,921.507202148438,10198.2998046875,1274.18188476562,178.066696166992,3058.75
2026-06-23,76200.6796875,2048.91748046875,1877.47351074219,1361.50122070312,13449.5498046875,1098.68933105469,11310.7998046875,292.25,364.700012207031,903.586242675781,10015.4501953125,1234.16174316406,172.529907226562,2963.69995117188
2026-06-24,76991.21875,2097.25268554688,1853.67297363281,1383.03454589844,13252.099609375,1102.1044921875,11438.4501953125,290.799987792969,357,925.950012207031,9749.349609375,1224.16906738281,172.48046875,3068.55004882812
2026-06-25,77100.46875,2084.17431640625,1827.15673828125,1375.49035644531,13741.75,1090.32458496094,11493.2998046875,283.950012207031,352.149993896484,918.799987792969,9842,1223.37365722656,173.024261474609,3038.19995117188
2026-06-26,77100.46875,2084.17431640625,1827.15673828125,1375.49035644531,13741.75,1090.32458496094,11493.2998046875,283.950012207031,352.149993896484,918.799987792969,9842,1223.37365722656,173.024261474609,3038.19995117188
2026-06-29,76728.3671875,2085.51684570312,1819.20666503906,1356.65478515625,13429.2001953125,1092.00756835938,11336.2001953125,286.450012207031,356,915.599975585938,9628.150390625,1224.66625976562,173.518630981445,2963.55004882812
